event_type,tick,timestamp_us,task_handle,queue_handle,block_time,new_tick,name
TRACE_LOG_QUEUE_SEND,2017,2044597,3ffbd2a0,3ffbd6cc,,,trace_lg
TRACE_LOG_QUEUE_SEND,2017,2044650,3ffbd2a0,3ffbd6cc,,,trace_lg
TRACE_LOG_QUEUE_SEND,2017,2044658,3ffbd2a0,3ffb68d4,,,trace_lg
TRACE_LOG_QUEUE_SEND,2017,2044818,3ffbd2a0,3ffbd6cc,,,trace_lg
TRACE_LOG_QUEUE_SEND,2017,2044825,3ffbd2a0,3ffb68d4,,,trace_lg
TRACE_LOG_TASK_INCREMENT_TICK,2017,2045546,,,,2018,-
TRACE_LOG_TASK_INCREMENT_TICK,2018,2046546,,,,2019,-
TRACE_LOG_QUEUE_SEND,2019,2046810,3ffbd2a0,3ffbd6cc,,,trace_lg
TRACE_LOG_QUEUE_SEND,2019,2046817,3ffbd2a0,3ffb68d4,,,trace_lg
TRACE_LOG_TASK_INCREMENT_TICK,2019,2047546,,,,2020,-
TRACE_LOG_TASK_INCREMENT_TICK,2020,2048546,,,,2021,-
TRACE_LOG_TASK_INCREMENT_TICK,2021,2049546,,,,2022,-
TRACE_LOG_TASK_INCREMENT_TICK,2022,2050546,,,,2023,-
TRACE_LOG_QUEUE_SEND,2023,2051324,3ffbd2a0,3ffbd6cc,,,trace_lg
TRACE_LOG_QUEUE_SEND,2023,2051331,3ffbd2a0,3ffb68d4,,,trace_lg
TRACE_LOG_TASK_INCREMENT_TICK,2023,2051546,,,,2024,-
TRACE_LOG_TASK_INCREMENT_TICK,2024,2052546,,,,2025,-
TRACE_LOG_TASK_INCREMENT_TICK,2025,2053546,,,,2026,-
TRACE_LOG_TASK_INCREMENT_TICK,2026,2054546,,,,2027,-
TRACE_LOG_TASK_INCREMENT_TICK,2027,2055546,,,,2028,-
TRACE_LOG_QUEUE_SEND,2028,2055838,3ffbd2a0,3ffbd6cc,,,trace_lg
TRACE_LOG_QUEUE_SEND,2028,2055845,3ffbd2a0,3ffb68d4,,,trace_lg
TRACE_LOG_TASK_INCREMENT_TICK,2028,2056546,,,,2029,-
TRACE_LOG_TASK_INCREMENT_TICK,2029,2057546,,,,2030,-
TRACE_LOG_TASK_INCREMENT_TICK,2030,2058546,,,,2031,-
TRACE_LOG_TASK_INCREMENT_TICK,2031,2059546,,,,2032,-
TRACE_LOG_QUEUE_SEND,2032,2060352,3ffbd2a0,3ffbd6cc,,,trace_lg
TRACE_LOG_QUEUE_SEND,2032,2060359,3ffbd2a0,3ffb68d4,,,trace_lg
TRACE_LOG_TASK_INCREMENT_TICK,2032,2060546,,,,2033,-
TRACE_LOG_TASK_INCREMENT_TICK,2033,2061546,,,,2034,-
TRACE_LOG_TASK_INCREMENT_TICK,2034,2062546,,,,2035,-
TRACE_LOG_QUEUE_SEND,2035,2063042,3ffbd2a0,3ffbd6cc,,,trace_lg
TRACE_LOG_QUEUE_SEND,2035,2063050,3ffbd2a0,3ffb68d4,,,trace_lg
TRACE_LOG_TASK_INCREMENT_TICK,2035,2063546,,,,2036,-
TRACE_LOG_TASK_INCREMENT_TICK,2036,2064546,,,,2037,-
TRACE_LOG_TASK_INCREMENT_TICK,2037,2065546,,,,2038,-
TRACE_LOG_QUEUE_SEND,2038,2065733,3ffbd2a0,3ffbd6cc,,,trace_lg
TRACE_LOG_QUEUE_SEND,2038,2065741,3ffbd2a0,3ffb68d4,,,trace_lg
TRACE_LOG_TASK_INCREMENT_TICK,2038,2066546,,,,2039,-
TRACE_LOG_TASK_INCREMENT_TICK,2039,2067546,,,,2040,-
TRACE_LOG_TASK_INCREMENT_TICK,2040,2068546,,,,2041,-
TRACE_LOG_TASK_INCREMENT_TICK,2041,2069546,,,,2042,-
TRACE_LOG_QUEUE_SEND,2042,2070247,3ffbd2a0,3ffbd6cc,,,trace_lg
TRACE_LOG_QUEUE_SEND,2042,2070255,3ffbd2a0,3ffb68d4,,,trace_lg
TRACE_LOG_TASK_INCREMENT_TICK,2042,2070546,,,,2043,-
TRACE_LOG_TASK_INCREMENT_TICK,2043,2071546,,,,2044,-
TRACE_LOG_TASK_INCREMENT_TICK,2044,2072546,,,,2045,-
TRACE_LOG_TASK_INCREMENT_TICK,2045,2073546,,,,2046,-
TRACE_LOG_TASK_INCREMENT_TICK,2046,2074546,,,,2047,-
TRACE_LOG_QUEUE_SEND,2047,2074761,3ffbd2a0,3ffbd6cc,,,trace_lg
TRACE_LOG_QUEUE_SEND,2047,2074769,3ffbd2a0,3ffb68d4,,,trace_lg
TRACE_LOG_TASK_INCREMENT_TICK,2047,2075546,,,,2048,-
TRACE_LOG_TASK_INCREMENT_TICK,2048,2076546,,,,2049,-
TRACE_LOG_QUEUE_SEND,2049,2077452,3ffbd2a0,3ffbd6cc,,,trace_lg
TRACE_LOG_QUEUE_SEND,2049,2077459,3ffbd2a0,3ffb68d4,,,trace_lg
TRACE_LOG_TASK_INCREMENT_TICK,2049,2077546,,,,2050,-
TRACE_LOG_TASK_INCREMENT_TICK,2050,2078546,,,,2051,-
TRACE_LOG_TASK_INCREMENT_TICK,2051,2079546,,,,2052,-
TRACE_LOG_QUEUE_SEND,2052,2080143,3ffbd2a0,3ffbd6cc,,,trace_lg
TRACE_LOG_QUEUE_SEND,2052,2080150,3ffbd2a0,3ffb68d4,,,trace_lg
TRACE_LOG_TASK_INCREMENT_TICK,2052,2080546,,,,2053,-
TRACE_LOG_TASK_INCREMENT_TICK,2053,2081546,,,,2054,-
TRACE_LOG_TASK_INCREMENT_TICK,2054,2082546,,,,2055,-
TRACE_LOG_QUEUE_SEND,2055,2082834,3ffbd2a0,3ffbd6cc,,,trace_lg
TRACE_LOG_QUEUE_SEND,2055,2082841,3ffbd2a0,3ffb68d4,,,trace_lg
TRACE_LOG_TASK_INCREMENT_TICK,2055,2083546,,,,2056,-
TRACE_LOG_TASK_INCREMENT_TICK,2056,2084546,,,,2057,-
TRACE_LOG_QUEUE_SEND,2057,2085525,3ffbd2a0,3ffbd6cc,,,trace_lg
TRACE_LOG_QUEUE_SEND,2057,2085532,3ffbd2a0,3ffb68d4,,,trace_lg
TRACE_LOG_TASK_INCREMENT_TICK,2057,2085546,,,,2058,-
TRACE_LOG_TASK_INCREMENT_TICK,2058,2086546,,,,2059,-
TRACE_LOG_TASK_INCREMENT_TICK,2059,2087546,,,,2060,-
TRACE_LOG_TASK_INCREMENT_TICK,2060,2088546,,,,2061,-
TRACE_LOG_TASK_INCREMENT_TICK,2061,2089546,,,,2062,-
TRACE_LOG_QUEUE_SEND,2062,2090039,3ffbd2a0,3ffbd6cc,,,trace_lg
TRACE_LOG_QUEUE_SEND,2062,2090046,3ffbd2a0,3ffb68d4,,,trace_lg
TRACE_LOG_TASK_INCREMENT_TICK,2062,2090546,,,,2063,-
TRACE_LOG_TASK_INCREMENT_TICK,2063,2091546,,,,2064,-
TRACE_LOG_TASK_INCREMENT_TICK,2064,2092546,,,,2065,-
TRACE_LOG_TASK_INCREMENT_TICK,2065,2093546,,,,2066,-
TRACE_LOG_TASK_INCREMENT_TICK,2066,2094546,,,,2067,-
TRACE_LOG_QUEUE_SEND,2067,2094553,3ffbd2a0,3ffbd6cc,,,trace_lg
TRACE_LOG_QUEUE_SEND,2067,2094560,3ffbd2a0,3ffb68d4,,,trace_lg
TRACE_LOG_TASK_INCREMENT_TICK,2067,2095546,,,,2068,-
TRACE_LOG_TASK_INCREMENT_TICK,2068,2096546,,,,2069,-
TRACE_LOG_QUEUE_SEND,2069,2097243,3ffbd2a0,3ffbd6cc,,,trace_lg
TRACE_LOG_QUEUE_SEND,2069,2097251,3ffbd2a0,3ffb68d4,,,trace_lg
TRACE_LOG_TASK_INCREMENT_TICK,2069,2097546,,,,2070,-
TRACE_LOG_TASK_INCREMENT_TICK,2070,2098546,,,,2071,-
TRACE_LOG_TASK_INCREMENT_TICK,2071,2099546,,,,2072,-
TRACE_LOG_QUEUE_SEND,2072,2099934,3ffbd2a0,3ffbd6cc,,,trace_lg
TRACE_LOG_QUEUE_SEND,2072,2099942,3ffbd2a0,3ffb68d4,,,trace_lg
TRACE_LOG_TASK_INCREMENT_TICK,2072,2100546,,,,2073,-
TRACE_LOG_TASK_INCREMENT_TICK,2073,2101546,,,,2074,-
TRACE_LOG_TASK_INCREMENT_TICK,2074,2102546,,,,2075,-
TRACE_LOG_QUEUE_SEND,2075,2102626,3ffbd2a0,3ffbd6cc,,,trace_lg
TRACE_LOG_QUEUE_SEND,2075,2102633,3ffbd2a0,3ffb68d4,,,trace_lg
TRACE_LOG_TASK_INCREMENT_TICK,2075,2103546,,,,2076,-
TRACE_LOG_TASK_INCREMENT_TICK,2076,2104546,,,,2077,-
TRACE_LOG_QUEUE_SEND,2077,2105316,3ffbd2a0,3ffbd6cc,,,trace_lg
TRACE_LOG_QUEUE_SEND,2077,2105324,3ffbd2a0,3ffb68d4,,,trace_lg
TRACE_LOG_TASK_INCREMENT_TICK,2077,2105546,,,,2078,-
TRACE_LOG_TASK_INCREMENT_TICK,2078,2106546,,,,2079,-
TRACE_LOG_TASK_INCREMENT_TICK,2079,2107546,,,,2080,-
TRACE_LOG_QUEUE_SEND,2080,2108007,3ffbd2a0,3ffbd6cc,,,trace_lg
TRACE_LOG_QUEUE_SEND,2080,2108015,3ffbd2a0,3ffb68d4,,,trace_lg
TRACE_LOG_QUEUE_SEND,2373,2401414,3ffbd2a0,3ffb68d4,,,trace_lg
TRACE_LOG_TASK_INCREMENT_TICK,2373,2401546,,,,2374,-
TRACE_LOG_TASK_INCREMENT_TICK,2374,2402546,,,,2375,-
TRACE_LOG_TASK_INCREMENT_TICK,2375,2403546,,,,2376,-
TRACE_LOG_TASK_INCREMENT_TICK,2376,2404546,,,,2377,-
TRACE_LOG_TASK_INCREMENT_TICK,2377,2405546,,,,2378,-
TRACE_LOG_QUEUE_SEND,2378,2405921,3ffbd2a0,3ffbd6cc,,,trace_lg
TRACE_LOG_QUEUE_SEND,2378,2405928,3ffbd2a0,3ffb68d4,,,trace_lg
TRACE_LOG_TASK_INCREMENT_TICK,2378,2406546,,,,2379,-
TRACE_LOG_TASK_INCREMENT_TICK,2379,2407546,,,,2380,-
TRACE_LOG_TASK_INCREMENT_TICK,2380,2408546,,,,2381,-
TRACE_LOG_QUEUE_SEND,2381,2408612,3ffbd2a0,3ffbd6cc,,,trace_lg
TRACE_LOG_QUEUE_SEND,2381,2408619,3ffbd2a0,3ffb68d4,,,trace_lg
TRACE_LOG_TASK_INCREMENT_TICK,2381,2409546,,,,2382,-
TRACE_LOG_TASK_INCREMENT_TICK,2382,2410546,,,,2383,-
TRACE_LOG_QUEUE_SEND,2383,2411303,3ffbd2a0,3ffbd6cc,,,trace_lg
TRACE_LOG_QUEUE_SEND,2383,2411310,3ffbd2a0,3ffb68d4,,,trace_lg
TRACE_LOG_TASK_INCREMENT_TICK,2383,2411546,,,,2384,-
TRACE_LOG_TASK_INCREMENT_TICK,2384,2412546,,,,2385,-
TRACE_LOG_TASK_INCREMENT_TICK,2385,2413546,,,,2386,-
TRACE_LOG_QUEUE_SEND,2386,2413994,3ffbd2a0,3ffbd6cc,,,trace_lg
TRACE_LOG_QUEUE_SEND,2386,2414001,3ffbd2a0,3ffb68d4,,,trace_lg
TRACE_LOG_TASK_INCREMENT_TICK,2386,2414546,,,,2387,-
TRACE_LOG_TASK_INCREMENT_TICK,2387,2415546,,,,2388,-
TRACE_LOG_TASK_INCREMENT_TICK,2388,2416546,,,,2389,-
TRACE_LOG_QUEUE_SEND,2389,2416685,3ffbd2a0,3ffbd6cc,,,trace_lg
TRACE_LOG_QUEUE_SEND,2389,2416692,3ffbd2a0,3ffb68d4,,,trace_lg
TRACE_LOG_TASK_INCREMENT_TICK,2389,2417546,,,,2390,-
TRACE_LOG_TASK_INCREMENT_TICK,2390,2418546,,,,2391,-
TRACE_LOG_QUEUE_SEND,2391,2419376,3ffbd2a0,3ffbd6cc,,,trace_lg
TRACE_LOG_QUEUE_SEND,2391,2419383,3ffbd2a0,3ffb68d4,,,trace_lg
TRACE_LOG_TASK_INCREMENT_TICK,2391,2419546,,,,2392,-
TRACE_LOG_TASK_INCREMENT_TICK,2392,2420546,,,,2393,-
TRACE_LOG_TASK_INCREMENT_TICK,2393,2421546,,,,2394,-
TRACE_LOG_TASK_INCREMENT_TICK,2394,2422546,,,,2395,-
TRACE_LOG_TASK_INCREMENT_TICK,2395,2423546,,,,2396,-
TRACE_LOG_QUEUE_SEND,2396,2423890,3ffbd2a0,3ffbd6cc,,,trace_lg
TRACE_LOG_QUEUE_SEND,2396,2423897,3ffbd2a0,3ffb68d4,,,trace_lg
TRACE_LOG_TASK_INCREMENT_TICK,2396,2424546,,,,2397,-
TRACE_LOG_TASK_INCREMENT_TICK,2397,2425546,,,,2398,-
TRACE_LOG_TASK_INCREMENT_TICK,2398,2426546,,,,2399,-
TRACE_LOG_TASK_INCREMENT_TICK,2399,2427546,,,,2400,-
TRACE_LOG_QUEUE_SEND,2400,2428403,3ffbd2a0,3ffbd6cc,,,trace_lg
TRACE_LOG_QUEUE_SEND,2400,2428411,3ffbd2a0,3ffb68d4,,,trace_lg
TRACE_LOG_TASK_INCREMENT_TICK,2400,2428546,,,,2401,-
TRACE_LOG_TASK_INCREMENT_TICK,2401,2429546,,,,2402,-
TRACE_LOG_TASK_INCREMENT_TICK,2402,2430546,,,,2403,-
TRACE_LOG_QUEUE_SEND,2403,2431094,3ffbd2a0,3ffbd6cc,,,trace_lg
TRACE_LOG_QUEUE_SEND,2403,2431102,3ffbd2a0,3ffb68d4,,,trace_lg
TRACE_LOG_TASK_INCREMENT_TICK,2403,2431546,,,,2404,-
TRACE_LOG_TASK_SWITCHED_OUT,2404,2431551,3ffbd2a0,,,,trace_lg
TRACE_LOG_TASK_SWITCHED_IN,2404,2431553,3ffbad08,,,,reciever
TRACE_LOG_QUEUE_RECEIVE,2404,2431557,3ffbad08,3ffbd72c,4294967295,,reciever
TRACE_LOG_TASK_DELAY_UNTIL,2404,2431560,3ffbad08,,,2504,reciever
TRACE_LOG_TASK_SWITCHED_OUT,2404,2431568,3ffbad08,,,,reciever
TRACE_LOG_TASK_SWITCHED_IN,2404,2431571,3ffbd2a0,,,,trace_lg
TRACE_LOG_TASK_INCREMENT_TICK,2404,2432546,,,,2405,-
TRACE_LOG_TASK_INCREMENT_TICK,2405,2433546,,,,2406,-
TRACE_LOG_QUEUE_SEND,2406,2433785,3ffbd2a0,3ffbd6cc,,,trace_lg
TRACE_LOG_QUEUE_SEND,2406,2433793,3ffbd2a0,3ffb68d4,,,trace_lg
TRACE_LOG_TASK_INCREMENT_TICK,2406,2434546,,,,2407,-
TRACE_LOG_TASK_INCREMENT_TICK,2407,2435546,,,,2408,-
TRACE_LOG_QUEUE_SEND,2408,2436476,3ffbd2a0,3ffbd6cc,,,trace_lg
TRACE_LOG_QUEUE_SEND,2408,2436484,3ffbd2a0,3ffb68d4,,,trace_lg
TRACE_LOG_TASK_INCREMENT_TICK,2408,2436546,,,,2409,-
TRACE_LOG_TASK_SWITCHED_OUT,2409,2436552,3ffbd2a0,,,,trace_lg
TRACE_LOG_TASK_SWITCHED_IN,2409,2436554,3ffbd13c,,,,sender 3
TRACE_LOG_QUEUE_SEND,2409,2436575,3ffbd13c,3ffbd72c,,,sender 3
TRACE_LOG_TASK_DELAY_UNTIL,2409,2436578,3ffbd13c,,,2709,sender 3
TRACE_LOG_TASK_SWITCHED_OUT,2409,2436586,3ffbd13c,,,,sender 3
TRACE_LOG_TASK_SWITCHED_IN,2409,2436589,3ffbcfd8,,,,sender 2
TRACE_LOG_QUEUE_SEND_FAILED,2409,2436610,3ffbcfd8,3ffbd72c,,,sender 2
TRACE_LOG_TASK_DELAY_UNTIL,2409,2436613,3ffbcfd8,,,2609,sender 2
TRACE_LOG_TASK_SWITCHED_OUT,2409,2436621,3ffbcfd8,,,,sender 2
TRACE_LOG_TASK_SWITCHED_IN,2409,2436623,3ffbd2a0,,,,trace_lg
TRACE_LOG_TASK_INCREMENT_TICK,2409,2437546,,,,2410,-
TRACE_LOG_TASK_INCREMENT_TICK,2410,2438546,,,,2411,-
TRACE_LOG_TASK_INCREMENT_TICK,2411,2439546,,,,2412,-
TRACE_LOG_TASK_INCREMENT_TICK,2412,2440546,,,,2413,-
TRACE_LOG_TASK_SWITCHED_OUT,2413,2440550,3ffbd2a0,,,,trace_lg
TRACE_LOG_TASK_SWITCHED_IN,2413,2440553,3ffbbe70,,,,sender 1
TRACE_LOG_QUEUE_SEND_FAILED,2413,2440574,3ffbbe70,3ffbd72c,,,sender 1
TRACE_LOG_TASK_DELAY_UNTIL,2413,2440577,3ffbbe70,,,2513,sender 1
TRACE_LOG_TASK_SWITCHED_OUT,2413,2440585,3ffbbe70,,,,sender 1
TRACE_LOG_TASK_SWITCHED_IN,2413,2440587,3ffbd2a0,,,,trace_lg
TRACE_LOG_QUEUE_SEND,2413,2440990,3ffbd2a0,3ffbd6cc,,,trace_lg
TRACE_LOG_QUEUE_SEND,2413,2440997,3ffbd2a0,3ffb68d4,,,trace_lg
TRACE_LOG_TASK_INCREMENT_TICK,2413,2441546,,,,2414,-
TRACE_LOG_TASK_INCREMENT_TICK,2414,2442546,,,,2415,-
TRACE_LOG_TASK_INCREMENT_TICK,2415,2443546,,,,2416,-
TRACE_LOG_TASK_INCREMENT_TICK,2416,2444546,,,,2417,-
TRACE_LOG_QUEUE_SEND,2417,2445504,3ffbd2a0,3ffbd6cc,,,trace_lg
TRACE_LOG_QUEUE_SEND,2417,2445511,3ffbd2a0,3ffb68d4,,,trace_lg
TRACE_LOG_TASK_INCREMENT_TICK,2417,2445546,,,,2418,-
TRACE_LOG_TASK_INCREMENT_TICK,2418,2446546,,,,2419,-
TRACE_LOG_TASK_INCREMENT_TICK,2419,2447546,,,,2420,-
TRACE_LOG_QUEUE_SEND,2420,2448195,3ffbd2a0,3ffbd6cc,,,trace_lg
TRACE_LOG_QUEUE_SEND,2420,2448202,3ffbd2a0,3ffb68d4,,,trace_lg
TRACE_LOG_TASK_INCREMENT_TICK,2718,2746546,,,,2719,-
TRACE_LOG_TASK_INCREMENT_TICK,2719,2747546,,,,2720,-
TRACE_LOG_QUEUE_SEND,2720,2747931,3ffbd2a0,3ffbd6cc,,,trace_lg
TRACE_LOG_QUEUE_SEND,2720,2747939,3ffbd2a0,3ffb68d4,,,trace_lg
TRACE_LOG_TASK_INCREMENT_TICK,2720,2748546,,,,2721,-
TRACE_LOG_TASK_INCREMENT_TICK,2721,2749546,,,,2722,-
TRACE_LOG_TASK_INCREMENT_TICK,2722,2750546,,,,2723,-
TRACE_LOG_QUEUE_SEND,2723,2750623,3ffbd2a0,3ffbd6cc,,,trace_lg
TRACE_LOG_QUEUE_SEND,2723,2750630,3ffbd2a0,3ffb68d4,,,trace_lg
TRACE_LOG_TASK_INCREMENT_TICK,2723,2751546,,,,2724,-
TRACE_LOG_TASK_INCREMENT_TICK,2724,2752546,,,,2725,-
TRACE_LOG_QUEUE_SEND,2725,2753313,3ffbd2a0,3ffbd6cc,,,trace_lg
TRACE_LOG_QUEUE_SEND,2725,2753321,3ffbd2a0,3ffb68d4,,,trace_lg
TRACE_LOG_TASK_INCREMENT_TICK,2725,2753546,,,,2726,-
TRACE_LOG_TASK_INCREMENT_TICK,2726,2754546,,,,2727,-
TRACE_LOG_TASK_INCREMENT_TICK,2727,2755546,,,,2728,-
TRACE_LOG_TASK_INCREMENT_TICK,2728,2756546,,,,2729,-
TRACE_LOG_TASK_INCREMENT_TICK,2729,2757546,,,,2730,-
TRACE_LOG_QUEUE_SEND,2730,2757827,3ffbd2a0,3ffbd6cc,,,trace_lg
TRACE_LOG_QUEUE_SEND,2730,2757834,3ffbd2a0,3ffb68d4,,,trace_lg
TRACE_LOG_TASK_INCREMENT_TICK,2730,2758546,,,,2731,-
TRACE_LOG_TASK_INCREMENT_TICK,2731,2759546,,,,2732,-
TRACE_LOG_TASK_INCREMENT_TICK,2732,2760546,,,,2733,-
TRACE_LOG_TASK_INCREMENT_TICK,2733,2761546,,,,2734,-
TRACE_LOG_QUEUE_SEND,2734,2762341,3ffbd2a0,3ffbd6cc,,,trace_lg
TRACE_LOG_QUEUE_SEND,2734,2762348,3ffbd2a0,3ffb68d4,,,trace_lg
TRACE_LOG_TASK_INCREMENT_TICK,2734,2762546,,,,2735,-
TRACE_LOG_TASK_INCREMENT_TICK,2735,2763546,,,,2736,-
TRACE_LOG_TASK_INCREMENT_TICK,2736,2764546,,,,2737,-
TRACE_LOG_QUEUE_SEND,2737,2765032,3ffbd2a0,3ffbd6cc,,,trace_lg
TRACE_LOG_QUEUE_SEND,2737,2765039,3ffbd2a0,3ffb68d4,,,trace_lg
TRACE_LOG_TASK_INCREMENT_TICK,2737,2765546,,,,2738,-
TRACE_LOG_TASK_INCREMENT_TICK,2738,2766546,,,,2739,-
TRACE_LOG_TASK_INCREMENT_TICK,2739,2767546,,,,2740,-
TRACE_LOG_QUEUE_SEND,2740,2767723,3ffbd2a0,3ffbd6cc,,,trace_lg
TRACE_LOG_QUEUE_SEND,2740,2767730,3ffbd2a0,3ffb68d4,,,trace_lg
TRACE_LOG_TASK_INCREMENT_TICK,2740,2768546,,,,2741,-
TRACE_LOG_TASK_INCREMENT_TICK,2741,2769546,,,,2742,-
TRACE_LOG_QUEUE_SEND,2742,2770414,3ffbd2a0,3ffbd6cc,,,trace_lg
TRACE_LOG_QUEUE_SEND,2742,2770421,3ffbd2a0,3ffb68d4,,,trace_lg
TRACE_LOG_TASK_INCREMENT_TICK,2742,2770546,,,,2743,-
TRACE_LOG_TASK_INCREMENT_TICK,2743,2771546,,,,2744,-
TRACE_LOG_TASK_INCREMENT_TICK,2744,2772546,,,,2745,-
TRACE_LOG_TASK_INCREMENT_TICK,2745,2773546,,,,2746,-
TRACE_LOG_TASK_INCREMENT_TICK,2746,2774546,,,,2747,-
TRACE_LOG_QUEUE_SEND,2747,2774928,3ffbd2a0,3ffbd6cc,,,trace_lg
TRACE_LOG_QUEUE_SEND,2747,2774935,3ffbd2a0,3ffb68d4,,,trace_lg
TRACE_LOG_TASK_INCREMENT_TICK,2747,2775546,,,,2748,-
TRACE_LOG_TASK_INCREMENT_TICK,2748,2776546,,,,2749,-
TRACE_LOG_TASK_INCREMENT_TICK,2749,2777546,,,,2750,-
TRACE_LOG_TASK_INCREMENT_TICK,2750,2778546,,,,2751,-
TRACE_LOG_QUEUE_SEND,2751,2779442,3ffbd2a0,3ffbd6cc,,,trace_lg
TRACE_LOG_QUEUE_SEND,2751,2779449,3ffbd2a0,3ffb68d4,,,trace_lg
TRACE_LOG_TASK_INCREMENT_TICK,2751,2779546,,,,2752,-
TRACE_LOG_TASK_INCREMENT_TICK,2752,2780546,,,,2753,-
TRACE_LOG_TASK_INCREMENT_TICK,2753,2781546,,,,2754,-
TRACE_LOG_QUEUE_SEND,2754,2782133,3ffbd2a0,3ffbd6cc,,,trace_lg
TRACE_LOG_QUEUE_SEND,2754,2782140,3ffbd2a0,3ffb68d4,,,trace_lg
TRACE_LOG_TASK_INCREMENT_TICK,2754,2782546,,,,2755,-
TRACE_LOG_TASK_INCREMENT_TICK,2755,2783546,,,,2756,-
TRACE_LOG_TASK_INCREMENT_TICK,2756,2784546,,,,2757,-
TRACE_LOG_QUEUE_SEND,2757,2784824,3ffbd2a0,3ffbd6cc,,,trace_lg
TRACE_LOG_QUEUE_SEND,2757,2784831,3ffbd2a0,3ffb68d4,,,trace_lg
TRACE_LOG_TASK_INCREMENT_TICK,2757,2785546,,,,2758,-
TRACE_LOG_TASK_INCREMENT_TICK,2758,2786546,,,,2759,-
TRACE_LOG_TASK_INCREMENT_TICK,2759,2787546,,,,2760,-
TRACE_LOG_TASK_INCREMENT_TICK,2760,2788546,,,,2761,-
TRACE_LOG_QUEUE_SEND,2761,2789337,3ffbd2a0,3ffbd6cc,,,trace_lg
TRACE_LOG_QUEUE_SEND,2761,2789345,3ffbd2a0,3ffb68d4,,,trace_lg
TRACE_LOG_TASK_INCREMENT_TICK,2761,2789546,,,,2762,-
TRACE_LOG_TASK_INCREMENT_TICK,2762,2790546,,,,2763,-
TRACE_LOG_TASK_INCREMENT_TICK,2763,2791546,,,,2764,-
TRACE_LOG_TASK_INCREMENT_TICK,2764,2792546,,,,2765,-
TRACE_LOG_TASK_INCREMENT_TICK,2765,2793546,,,,2766,-
TRACE_LOG_QUEUE_SEND,2766,2793851,3ffbd2a0,3ffbd6cc,,,trace_lg
TRACE_LOG_QUEUE_SEND,2766,2793858,3ffbd2a0,3ffb68d4,,,trace_lg
TRACE_LOG_TASK_INCREMENT_TICK,2766,2794546,,,,2767,-
TRACE_LOG_TASK_INCREMENT_TICK,2767,2795546,,,,2768,-
TRACE_LOG_QUEUE_SEND,2768,2796542,3ffbd2a0,3ffbd6cc,,,trace_lg
TRACE_LOG_TASK_INCREMENT_TICK,2768,2796548,,,,2769,-
TRACE_LOG_QUEUE_SEND,2769,2796556,3ffbd2a0,3ffb68d4,,,trace_lg
TRACE_LOG_TASK_INCREMENT_TICK,2769,2797546,,,,2770,-
TRACE_LOG_TASK_INCREMENT_TICK,2770,2798546,,,,2771,-
TRACE_LOG_QUEUE_SEND,2771,2799233,3ffbd2a0,3ffbd6cc,,,trace_lg
TRACE_LOG_QUEUE_SEND,2771,2799240,3ffbd2a0,3ffb68d4,,,trace_lg
TRACE_LOG_TASK_INCREMENT_TICK,2771,2799546,,,,2772,-
TRACE_LOG_TASK_INCREMENT_TICK,2772,2800546,,,,2773,-
TRACE_LOG_TASK_INCREMENT_TICK,2773,2801546,,,,2774,-
TRACE_LOG_QUEUE_SEND,2774,2801924,3ffbd2a0,3ffbd6cc,,,trace_lg
TRACE_LOG_QUEUE_SEND,2774,2801931,3ffbd2a0,3ffb68d4,,,trace_lg
TRACE_LOG_TASK_INCREMENT_TICK,2774,2802546,,,,2775,-
TRACE_LOG_TASK_INCREMENT_TICK,2775,2803546,,,,2776,-
TRACE_LOG_TASK_INCREMENT_TICK,2776,2804546,,,,2777,-
TRACE_LOG_QUEUE_SEND,2777,2804615,3ffbd2a0,3ffbd6cc,,,trace_lg
TRACE_LOG_QUEUE_SEND,2777,2804622,3ffbd2a0,3ffb68d4,,,trace_lg
TRACE_LOG_TASK_INCREMENT_TICK,2777,2805546,,,,2778,-
TRACE_LOG_TASK_INCREMENT_TICK,2778,2806546,,,,2779,-
TRACE_LOG_QUEUE_SEND,2779,2807306,3ffbd2a0,3ffbd6cc,,,trace_lg
TRACE_LOG_QUEUE_SEND,2779,2807313,3ffbd2a0,3ffb68d4,,,trace_lg
TRACE_LOG_TASK_INCREMENT_TICK,2779,2807546,,,,2780,-
TRACE_LOG_TASK_INCREMENT_TICK,2780,2808546,,,,2781,-
TRACE_LOG_TASK_INCREMENT_TICK,2781,2809546,,,,2782,-
TRACE_LOG_TASK_INCREMENT_TICK,2782,2810546,,,,2783,-
TRACE_LOG_TASK_INCREMENT_TICK,2783,2811546,,,,2784,-
TRACE_LOG_QUEUE_SEND,2784,2811820,3ffbd2a0,3ffbd6cc,,,trace_lg
TRACE_LOG_TASK_INCREMENT_TICK,3073,3101546,,,,3074,-
TRACE_LOG_QUEUE_SEND,3074,3101574,3ffbd2a0,3ffbd6cc,,,trace_lg
TRACE_LOG_QUEUE_SEND,3074,3101581,3ffbd2a0,3ffb68d4,,,trace_lg
TRACE_LOG_TASK_INCREMENT_TICK,3074,3102546,,,,3075,-
TRACE_LOG_TASK_INCREMENT_TICK,3075,3103546,,,,3076,-
TRACE_LOG_QUEUE_SEND,3076,3104265,3ffbd2a0,3ffbd6cc,,,trace_lg
TRACE_LOG_QUEUE_SEND,3076,3104272,3ffbd2a0,3ffb68d4,,,trace_lg
TRACE_LOG_TASK_INCREMENT_TICK,3076,3104546,,,,3077,-
TRACE_LOG_TASK_INCREMENT_TICK,3077,3105546,,,,3078,-
TRACE_LOG_TASK_INCREMENT_TICK,3078,3106546,,,,3079,-
TRACE_LOG_TASK_INCREMENT_TICK,3079,3107546,,,,3080,-
TRACE_LOG_TASK_INCREMENT_TICK,3080,3108546,,,,3081,-
TRACE_LOG_QUEUE_SEND,3081,3108779,3ffbd2a0,3ffbd6cc,,,trace_lg
TRACE_LOG_QUEUE_SEND,3081,3108786,3ffbd2a0,3ffb68d4,,,trace_lg
TRACE_LOG_TASK_INCREMENT_TICK,3081,3109546,,,,3082,-
TRACE_LOG_TASK_INCREMENT_TICK,3082,3110546,,,,3083,-
TRACE_LOG_TASK_INCREMENT_TICK,3083,3111546,,,,3084,-
TRACE_LOG_TASK_INCREMENT_TICK,3084,3112546,,,,3085,-
TRACE_LOG_QUEUE_SEND,3085,3113292,3ffbd2a0,3ffbd6cc,,,trace_lg
TRACE_LOG_QUEUE_SEND,3085,3113300,3ffbd2a0,3ffb68d4,,,trace_lg
TRACE_LOG_TASK_INCREMENT_TICK,3085,3113546,,,,3086,-
TRACE_LOG_TASK_INCREMENT_TICK,3086,3114546,,,,3087,-
TRACE_LOG_TASK_INCREMENT_TICK,3087,3115546,,,,3088,-
TRACE_LOG_QUEUE_SEND,3088,3115983,3ffbd2a0,3ffbd6cc,,,trace_lg
TRACE_LOG_QUEUE_SEND,3088,3115991,3ffbd2a0,3ffb68d4,,,trace_lg
TRACE_LOG_TASK_INCREMENT_TICK,3088,3116546,,,,3089,-
TRACE_LOG_TASK_INCREMENT_TICK,3089,3117546,,,,3090,-
TRACE_LOG_TASK_INCREMENT_TICK,3090,3118546,,,,3091,-
TRACE_LOG_QUEUE_SEND,3091,3118674,3ffbd2a0,3ffbd6cc,,,trace_lg
TRACE_LOG_QUEUE_SEND,3091,3118682,3ffbd2a0,3ffb68d4,,,trace_lg
TRACE_LOG_TASK_INCREMENT_TICK,3091,3119546,,,,3092,-
TRACE_LOG_TASK_INCREMENT_TICK,3092,3120546,,,,3093,-
TRACE_LOG_TASK_INCREMENT_TICK,3093,3121546,,,,3094,-
TRACE_LOG_TASK_INCREMENT_TICK,3094,3122546,,,,3095,-
TRACE_LOG_QUEUE_SEND,3095,3123188,3ffbd2a0,3ffbd6cc,,,trace_lg
TRACE_LOG_QUEUE_SEND,3095,3123196,3ffbd2a0,3ffb68d4,,,trace_lg
TRACE_LOG_TASK_INCREMENT_TICK,3095,3123546,,,,3096,-
TRACE_LOG_TASK_INCREMENT_TICK,3096,3124546,,,,3097,-
TRACE_LOG_TASK_INCREMENT_TICK,3097,3125546,,,,3098,-
TRACE_LOG_TASK_INCREMENT_TICK,3098,3126546,,,,3099,-
TRACE_LOG_TASK_INCREMENT_TICK,3099,3127546,,,,3100,-
TRACE_LOG_QUEUE_SEND,3100,3127702,3ffbd2a0,3ffbd6cc,,,trace_lg
TRACE_LOG_QUEUE_SEND,3100,3127709,3ffbd2a0,3ffb68d4,,,trace_lg
TRACE_LOG_TASK_INCREMENT_TICK,3100,3128546,,,,3101,-
TRACE_LOG_TASK_INCREMENT_TICK,3101,3129546,,,,3102,-
TRACE_LOG_QUEUE_SEND,3102,3130393,3ffbd2a0,3ffbd6cc,,,trace_lg
TRACE_LOG_QUEUE_SEND,3102,3130400,3ffbd2a0,3ffb68d4,,,trace_lg
TRACE_LOG_TASK_INCREMENT_TICK,3102,3130546,,,,3103,-
TRACE_LOG_TASK_INCREMENT_TICK,3103,3131546,,,,3104,-
TRACE_LOG_TASK_SWITCHED_OUT,3104,3131550,3ffbd2a0,,,,trace_lg
TRACE_LOG_TASK_SWITCHED_IN,3104,3131553,3ffbad08,,,,reciever
TRACE_LOG_QUEUE_RECEIVE,3104,3131557,3ffbad08,3ffbd72c,4294967295,,reciever
TRACE_LOG_TASK_DELAY_UNTIL,3104,3131560,3ffbad08,,,3204,reciever
TRACE_LOG_TASK_SWITCHED_OUT,3104,3131568,3ffbad08,,,,reciever
TRACE_LOG_TASK_SWITCHED_IN,3104,3131571,3ffbd2a0,,,,trace_lg
TRACE_LOG_TASK_INCREMENT_TICK,3104,3132546,,,,3105,-
TRACE_LOG_QUEUE_SEND,3105,3133084,3ffbd2a0,3ffbd6cc,,,trace_lg
TRACE_LOG_QUEUE_SEND,3105,3133091,3ffbd2a0,3ffb68d4,,,trace_lg
TRACE_LOG_TASK_INCREMENT_TICK,3105,3133546,,,,3106,-
TRACE_LOG_TASK_INCREMENT_TICK,3106,3134546,,,,3107,-
TRACE_LOG_TASK_INCREMENT_TICK,3107,3135546,,,,3108,-
TRACE_LOG_QUEUE_SEND,3108,3135775,3ffbd2a0,3ffbd6cc,,,trace_lg
TRACE_LOG_QUEUE_SEND,3108,3135782,3ffbd2a0,3ffb68d4,,,trace_lg
TRACE_LOG_TASK_INCREMENT_TICK,3108,3136546,,,,3109,-
TRACE_LOG_TASK_INCREMENT_TICK,3109,3137546,,,,3110,-
TRACE_LOG_QUEUE_SEND,3110,3138466,3ffbd2a0,3ffbd6cc,,,trace_lg
TRACE_LOG_QUEUE_SEND,3110,3138473,3ffbd2a0,3ffb68d4,,,trace_lg
TRACE_LOG_TASK_INCREMENT_TICK,3110,3138546,,,,3111,-
TRACE_LOG_TASK_INCREMENT_TICK,3111,3139546,,,,3112,-
TRACE_LOG_TASK_INCREMENT_TICK,3112,3140546,,,,3113,-
TRACE_LOG_TASK_SWITCHED_OUT,3113,3140550,3ffbd2a0,,,,trace_lg
TRACE_LOG_TASK_SWITCHED_IN,3113,3140553,3ffbbe70,,,,sender 1
TRACE_LOG_QUEUE_SEND,3113,3140574,3ffbbe70,3ffbd72c,,,sender 1
TRACE_LOG_TASK_DELAY_UNTIL,3113,3140577,3ffbbe70,,,3213,sender 1
TRACE_LOG_TASK_SWITCHED_OUT,3113,3140585,3ffbbe70,,,,sender 1
TRACE_LOG_TASK_SWITCHED_IN,3113,3140588,3ffbd2a0,,,,trace_lg
TRACE_LOG_QUEUE_SEND,3113,3141157,3ffbd2a0,3ffbd6cc,,,trace_lg
TRACE_LOG_QUEUE_SEND,3113,3141164,3ffbd2a0,3ffb68d4,,,trace_lg
TRACE_LOG_TASK_INCREMENT_TICK,3113,3141546,,,,3114,-
TRACE_LOG_TASK_INCREMENT_TICK,3114,3142546,,,,3115,-
TRACE_LOG_TASK_INCREMENT_TICK,3115,3143546,,,,3116,-
TRACE_LOG_TASK_INCREMENT_TICK,3116,3144546,,,,3117,-
TRACE_LOG_TASK_INCREMENT_TICK,3117,3145546,,,,3118,-
TRACE_LOG_QUEUE_SEND,3118,3145671,3ffbd2a0,3ffbd6cc,,,trace_lg
TRACE_LOG_QUEUE_SEND,3118,3145678,3ffbd2a0,3ffb68d4,,,trace_lg
TRACE_LOG_TASK_INCREMENT_TICK,3118,3146546,,,,3119,-
TRACE_LOG_TASK_INCREMENT_TICK,3119,3147546,,,,3120,-
TRACE_LOG_TASK_INCREMENT_TICK,3120,3148546,,,,3121,-
TRACE_LOG_TASK_INCREMENT_TICK,3121,3149546,,,,3122,-
TRACE_LOG_QUEUE_SEND,3122,3150184,3ffbd2a0,3ffbd6cc,,,trace_lg
TRACE_LOG_QUEUE_SEND,3122,3150192,3ffbd2a0,3ffb68d4,,,trace_lg
TRACE_LOG_TASK_INCREMENT_TICK,3122,3150546,,,,3123,-
TRACE_LOG_TASK_INCREMENT_TICK,3123,3151546,,,,3124,-
TRACE_LOG_TASK_INCREMENT_TICK,3124,3152546,,,,3125,-
TRACE_LOG_QUEUE_SEND,3125,3152875,3ffbd2a0,3ffbd6cc,,,trace_lg
TRACE_LOG_QUEUE_SEND,3125,3152883,3ffbd2a0,3ffb68d4,,,trace_lg
TRACE_LOG_TASK_INCREMENT_TICK,3125,3153546,,,,3126,-
TRACE_LOG_TASK_INCREMENT_TICK,3126,3154546,,,,3127,-
TRACE_LOG_TASK_INCREMENT_TICK,3127,3155546,,,,3128,-
TRACE_LOG_QUEUE_SEND,3128,3155566,3ffbd2a0,3ffbd6cc,,,trace_lg
TRACE_LOG_QUEUE_SEND,3419,3447230,3ffbd2a0,3ffbd6cc,,,trace_lg
TRACE_LOG_QUEUE_SEND,3419,3447237,3ffbd2a0,3ffb68d4,,,trace_lg
TRACE_LOG_TASK_INCREMENT_TICK,3419,3447546,,,,3420,-
TRACE_LOG_TASK_INCREMENT_TICK,3420,3448546,,,,3421,-
TRACE_LOG_TASK_INCREMENT_TICK,3421,3449546,,,,3422,-
TRACE_LOG_TASK_INCREMENT_TICK,3422,3450546,,,,3423,-
TRACE_LOG_TASK_INCREMENT_TICK,3423,3451546,,,,3424,-
TRACE_LOG_QUEUE_SEND,3424,3451744,3ffbd2a0,3ffbd6cc,,,trace_lg
TRACE_LOG_QUEUE_SEND,3424,3451751,3ffbd2a0,3ffb68d4,,,trace_lg
TRACE_LOG_TASK_INCREMENT_TICK,3424,3452546,,,,3425,-
TRACE_LOG_TASK_INCREMENT_TICK,3425,3453546,,,,3426,-
TRACE_LOG_TASK_INCREMENT_TICK,3426,3454546,,,,3427,-
TRACE_LOG_TASK_INCREMENT_TICK,3427,3455546,,,,3428,-
TRACE_LOG_QUEUE_SEND,3428,3456258,3ffbd2a0,3ffbd6cc,,,trace_lg
TRACE_LOG_QUEUE_SEND,3428,3456265,3ffbd2a0,3ffb68d4,,,trace_lg
TRACE_LOG_TASK_INCREMENT_TICK,3428,3456546,,,,3429,-
TRACE_LOG_TASK_INCREMENT_TICK,3429,3457546,,,,3430,-
TRACE_LOG_TASK_INCREMENT_TICK,3430,3458546,,,,3431,-
TRACE_LOG_QUEUE_SEND,3431,3458949,3ffbd2a0,3ffbd6cc,,,trace_lg
TRACE_LOG_QUEUE_SEND,3431,3458956,3ffbd2a0,3ffb68d4,,,trace_lg
TRACE_LOG_TASK_INCREMENT_TICK,3431,3459546,,,,3432,-
TRACE_LOG_TASK_INCREMENT_TICK,3432,3460546,,,,3433,-
TRACE_LOG_TASK_INCREMENT_TICK,3433,3461546,,,,3434,-
TRACE_LOG_QUEUE_SEND,3434,3461640,3ffbd2a0,3ffbd6cc,,,trace_lg
TRACE_LOG_QUEUE_SEND,3434,3461647,3ffbd2a0,3ffb68d4,,,trace_lg
TRACE_LOG_TASK_INCREMENT_TICK,3434,3462546,,,,3435,-
TRACE_LOG_TASK_INCREMENT_TICK,3435,3463546,,,,3436,-
TRACE_LOG_QUEUE_SEND,3436,3464330,3ffbd2a0,3ffbd6cc,,,trace_lg
TRACE_LOG_QUEUE_SEND,3436,3464338,3ffbd2a0,3ffb68d4,,,trace_lg
TRACE_LOG_TASK_INCREMENT_TICK,3436,3464546,,,,3437,-
TRACE_LOG_TASK_INCREMENT_TICK,3437,3465546,,,,3438,-
TRACE_LOG_TASK_INCREMENT_TICK,3438,3466546,,,,3439,-
TRACE_LOG_QUEUE_SEND,3439,3467021,3ffbd2a0,3ffbd6cc,,,trace_lg
TRACE_LOG_QUEUE_SEND,3439,3467029,3ffbd2a0,3ffb68d4,,,trace_lg
TRACE_LOG_TASK_INCREMENT_TICK,3439,3467546,,,,3440,-
TRACE_LOG_TASK_INCREMENT_TICK,3440,3468546,,,,3441,-
TRACE_LOG_TASK_INCREMENT_TICK,3441,3469546,,,,3442,-
TRACE_LOG_QUEUE_SEND,3442,3469712,3ffbd2a0,3ffbd6cc,,,trace_lg
TRACE_LOG_QUEUE_SEND,3442,3469720,3ffbd2a0,3ffb68d4,,,trace_lg
TRACE_LOG_TASK_INCREMENT_TICK,3442,3470546,,,,3443,-
TRACE_LOG_TASK_INCREMENT_TICK,3443,3471546,,,,3444,-
TRACE_LOG_TASK_INCREMENT_TICK,3444,3472546,,,,3445,-
TRACE_LOG_TASK_INCREMENT_TICK,3445,3473546,,,,3446,-
TRACE_LOG_QUEUE_SEND,3446,3474226,3ffbd2a0,3ffbd6cc,,,trace_lg
TRACE_LOG_QUEUE_SEND,3446,3474234,3ffbd2a0,3ffb68d4,,,trace_lg
TRACE_LOG_TASK_INCREMENT_TICK,3446,3474546,,,,3447,-
TRACE_LOG_TASK_INCREMENT_TICK,3447,3475546,,,,3448,-
TRACE_LOG_TASK_INCREMENT_TICK,3448,3476546,,,,3449,-
TRACE_LOG_TASK_INCREMENT_TICK,3449,3477546,,,,3450,-
TRACE_LOG_TASK_INCREMENT_TICK,3450,3478546,,,,3451,-
TRACE_LOG_QUEUE_SEND,3451,3478740,3ffbd2a0,3ffbd6cc,,,trace_lg
TRACE_LOG_QUEUE_SEND,3451,3478747,3ffbd2a0,3ffb68d4,,,trace_lg
TRACE_LOG_TASK_INCREMENT_TICK,3451,3479546,,,,3452,-
TRACE_LOG_TASK_INCREMENT_TICK,3452,3480546,,,,3453,-
TRACE_LOG_QUEUE_SEND,3453,3481431,3ffbd2a0,3ffbd6cc,,,trace_lg
TRACE_LOG_QUEUE_SEND,3453,3481438,3ffbd2a0,3ffb68d4,,,trace_lg
TRACE_LOG_TASK_INCREMENT_TICK,3453,3481546,,,,3454,-
TRACE_LOG_TASK_INCREMENT_TICK,3454,3482546,,,,3455,-
TRACE_LOG_TASK_INCREMENT_TICK,3455,3483546,,,,3456,-
TRACE_LOG_QUEUE_SEND,3456,3484122,3ffbd2a0,3ffbd6cc,,,trace_lg
TRACE_LOG_QUEUE_SEND,3456,3484129,3ffbd2a0,3ffb68d4,,,trace_lg
TRACE_LOG_TASK_INCREMENT_TICK,3456,3484546,,,,3457,-
TRACE_LOG_TASK_INCREMENT_TICK,3457,3485546,,,,3458,-
TRACE_LOG_TASK_INCREMENT_TICK,3458,3486546,,,,3459,-
TRACE_LOG_QUEUE_SEND,3459,3486813,3ffbd2a0,3ffbd6cc,,,trace_lg
TRACE_LOG_QUEUE_SEND,3459,3486820,3ffbd2a0,3ffb68d4,,,trace_lg
TRACE_LOG_TASK_INCREMENT_TICK,3459,3487546,,,,3460,-
TRACE_LOG_TASK_INCREMENT_TICK,3460,3488546,,,,3461,-
TRACE_LOG_QUEUE_SEND,3461,3489504,3ffbd2a0,3ffbd6cc,,,trace_lg
TRACE_LOG_QUEUE_SEND,3461,3489511,3ffbd2a0,3ffb68d4,,,trace_lg
TRACE_LOG_TASK_INCREMENT_TICK,3461,3489546,,,,3462,-
TRACE_LOG_TASK_INCREMENT_TICK,3462,3490546,,,,3463,-
TRACE_LOG_TASK_INCREMENT_TICK,3463,3491546,,,,3464,-
TRACE_LOG_TASK_INCREMENT_TICK,3464,3492546,,,,3465,-
TRACE_LOG_TASK_INCREMENT_TICK,3465,3493546,,,,3466,-
TRACE_LOG_QUEUE_SEND,3466,3494018,3ffbd2a0,3ffbd6cc,,,trace_lg
TRACE_LOG_QUEUE_SEND,3466,3494025,3ffbd2a0,3ffb68d4,,,trace_lg
TRACE_LOG_TASK_INCREMENT_TICK,3466,3494546,,,,3467,-
TRACE_LOG_TASK_INCREMENT_TICK,3467,3495546,,,,3468,-
TRACE_LOG_TASK_INCREMENT_TICK,3468,3496546,,,,3469,-
TRACE_LOG_TASK_INCREMENT_TICK,3469,3497546,,,,3470,-
TRACE_LOG_QUEUE_SEND,3470,3498532,3ffbd2a0,3ffbd6cc,,,trace_lg
TRACE_LOG_QUEUE_SEND,3470,3498539,3ffbd2a0,3ffb68d4,,,trace_lg
TRACE_LOG_TASK_INCREMENT_TICK,3470,3498546,,,,3471,-
TRACE_LOG_TASK_INCREMENT_TICK,3471,3499546,,,,3472,-
TRACE_LOG_TASK_INCREMENT_TICK,3472,3500546,,,,3473,-
TRACE_LOG_QUEUE_SEND,3473,3501222,3ffbd2a0,3ffbd6cc,,,trace_lg
TRACE_LOG_QUEUE_SEND,3473,3501230,3ffbd2a0,3ffb68d4,,,trace_lg
TRACE_LOG_TASK_INCREMENT_TICK,3473,3501546,,,,3474,-
TRACE_LOG_TASK_INCREMENT_TICK,3474,3502546,,,,3475,-
TRACE_LOG_TASK_INCREMENT_TICK,3475,3503546,,,,3476,-
TRACE_LOG_QUEUE_SEND,3476,3503913,3ffbd2a0,3ffbd6cc,,,trace_lg
TRACE_LOG_QUEUE_SEND,3476,3503921,3ffbd2a0,3ffb68d4,,,trace_lg
TRACE_LOG_TASK_INCREMENT_TICK,3476,3504546,,,,3477,-
TRACE_LOG_TASK_INCREMENT_TICK,3477,3505546,,,,3478,-
TRACE_LOG_TASK_INCREMENT_TICK,3478,3506546,,,,3479,-
TRACE_LOG_QUEUE_SEND,3479,3506605,3ffbd2a0,3ffbd6cc,,,trace_lg
TRACE_LOG_QUEUE_SEND,3479,3506612,3ffbd2a0,3ffb68d4,,,trace_lg
TRACE_LOG_TASK_INCREMENT_TICK,3479,3507546,,,,3480,-
TRACE_LOG_TASK_INCREMENT_TICK,3480,3508546,,,,3481,-
TRACE_LOG_TASK_INCREMENT_TICK,3481,3509546,,,,3482,-
TRACE_LOG_TASK_INCREMENT_TICK,3482,3510546,,,,3483,-
TRACE_LOG_QUEUE_SEND,3483,3511118,3ffbd2a0,3ffbd6cc,,,trace_lg
TRACE_LOG_QUEUE_SEND,4017,4044582,3ffbd2a0,3ffbd6cc,,,trace_lg
TRACE_LOG_QUEUE_SEND,4017,4044634,3ffbd2a0,3ffbd6cc,,,trace_lg
TRACE_LOG_QUEUE_SEND,4017,4044642,3ffbd2a0,3ffb68d4,,,trace_lg
TRACE_LOG_QUEUE_SEND,4017,4044732,3ffbd2a0,3ffbd6cc,,,trace_lg
TRACE_LOG_QUEUE_SEND,4017,4044740,3ffbd2a0,3ffb68d4,,,trace_lg
TRACE_LOG_TASK_INCREMENT_TICK,4017,4045546,,,,4018,-
TRACE_LOG_TASK_INCREMENT_TICK,4018,4046546,,,,4019,-
TRACE_LOG_QUEUE_SEND,4019,4046796,3ffbd2a0,3ffbd6cc,,,trace_lg
TRACE_LOG_QUEUE_SEND,4019,4046803,3ffbd2a0,3ffb68d4,,,trace_lg
TRACE_LOG_TASK_INCREMENT_TICK,4019,4047546,,,,4020,-
TRACE_LOG_TASK_INCREMENT_TICK,4020,4048546,,,,4021,-
TRACE_LOG_TASK_INCREMENT_TICK,4021,4049546,,,,4022,-
TRACE_LOG_TASK_INCREMENT_TICK,4022,4050546,,,,4023,-
TRACE_LOG_QUEUE_SEND,4023,4051310,3ffbd2a0,3ffbd6cc,,,trace_lg
TRACE_LOG_QUEUE_SEND,4023,4051317,3ffbd2a0,3ffb68d4,,,trace_lg
TRACE_LOG_TASK_INCREMENT_TICK,4023,4051546,,,,4024,-
TRACE_LOG_TASK_INCREMENT_TICK,4024,4052546,,,,4025,-
TRACE_LOG_TASK_INCREMENT_TICK,4025,4053546,,,,4026,-
TRACE_LOG_TASK_INCREMENT_TICK,4026,4054546,,,,4027,-
TRACE_LOG_TASK_INCREMENT_TICK,4027,4055546,,,,4028,-
TRACE_LOG_QUEUE_SEND,4028,4055823,3ffbd2a0,3ffbd6cc,,,trace_lg
TRACE_LOG_QUEUE_SEND,4028,4055831,3ffbd2a0,3ffb68d4,,,trace_lg
TRACE_LOG_TASK_INCREMENT_TICK,4028,4056546,,,,4029,-
TRACE_LOG_TASK_INCREMENT_TICK,4029,4057546,,,,4030,-
TRACE_LOG_TASK_INCREMENT_TICK,4030,4058546,,,,4031,-
TRACE_LOG_TASK_INCREMENT_TICK,4031,4059546,,,,4032,-
TRACE_LOG_QUEUE_SEND,4032,4060337,3ffbd2a0,3ffbd6cc,,,trace_lg
TRACE_LOG_QUEUE_SEND,4032,4060345,3ffbd2a0,3ffb68d4,,,trace_lg
TRACE_LOG_TASK_INCREMENT_TICK,4032,4060546,,,,4033,-
TRACE_LOG_TASK_INCREMENT_TICK,4033,4061546,,,,4034,-
TRACE_LOG_TASK_INCREMENT_TICK,4034,4062546,,,,4035,-
TRACE_LOG_QUEUE_SEND,4035,4063028,3ffbd2a0,3ffbd6cc,,,trace_lg
TRACE_LOG_QUEUE_SEND,4035,4063036,3ffbd2a0,3ffb68d4,,,trace_lg
TRACE_LOG_TASK_INCREMENT_TICK,4035,4063546,,,,4036,-
TRACE_LOG_TASK_INCREMENT_TICK,4036,4064546,,,,4037,-
TRACE_LOG_TASK_INCREMENT_TICK,4037,4065546,,,,4038,-
TRACE_LOG_QUEUE_SEND,4038,4065719,3ffbd2a0,3ffbd6cc,,,trace_lg
TRACE_LOG_QUEUE_SEND,4038,4065727,3ffbd2a0,3ffb68d4,,,trace_lg
TRACE_LOG_TASK_INCREMENT_TICK,4038,4066546,,,,4039,-
TRACE_LOG_TASK_INCREMENT_TICK,4039,4067546,,,,4040,-
TRACE_LOG_TASK_INCREMENT_TICK,4040,4068546,,,,4041,-
TRACE_LOG_TASK_INCREMENT_TICK,4041,4069546,,,,4042,-
TRACE_LOG_QUEUE_SEND,4042,4070233,3ffbd2a0,3ffbd6cc,,,trace_lg
TRACE_LOG_QUEUE_SEND,4042,4070240,3ffbd2a0,3ffb68d4,,,trace_lg
TRACE_LOG_TASK_INCREMENT_TICK,4042,4070546,,,,4043,-
TRACE_LOG_TASK_INCREMENT_TICK,4043,4071546,,,,4044,-
TRACE_LOG_TASK_INCREMENT_TICK,4044,4072546,,,,4045,-
TRACE_LOG_TASK_INCREMENT_TICK,4045,4073546,,,,4046,-
TRACE_LOG_TASK_INCREMENT_TICK,4046,4074546,,,,4047,-
TRACE_LOG_QUEUE_SEND,4047,4074747,3ffbd2a0,3ffbd6cc,,,trace_lg
TRACE_LOG_QUEUE_SEND,4047,4074754,3ffbd2a0,3ffb68d4,,,trace_lg
TRACE_LOG_TASK_INCREMENT_TICK,4047,4075546,,,,4048,-
TRACE_LOG_TASK_INCREMENT_TICK,4048,4076546,,,,4049,-
TRACE_LOG_QUEUE_SEND,4049,4077438,3ffbd2a0,3ffbd6cc,,,trace_lg
TRACE_LOG_QUEUE_SEND,4049,4077445,3ffbd2a0,3ffb68d4,,,trace_lg
TRACE_LOG_TASK_INCREMENT_TICK,4049,4077546,,,,4050,-
TRACE_LOG_TASK_INCREMENT_TICK,4050,4078546,,,,4051,-
TRACE_LOG_TASK_INCREMENT_TICK,4051,4079546,,,,4052,-
TRACE_LOG_QUEUE_SEND,4052,4080129,3ffbd2a0,3ffbd6cc,,,trace_lg
TRACE_LOG_QUEUE_SEND,4052,4080136,3ffbd2a0,3ffb68d4,,,trace_lg
TRACE_LOG_TASK_INCREMENT_TICK,4052,4080546,,,,4053,-
TRACE_LOG_TASK_INCREMENT_TICK,4053,4081546,,,,4054,-
TRACE_LOG_TASK_INCREMENT_TICK,4054,4082546,,,,4055,-
TRACE_LOG_QUEUE_SEND,4055,4082820,3ffbd2a0,3ffbd6cc,,,trace_lg
TRACE_LOG_QUEUE_SEND,4055,4082827,3ffbd2a0,3ffb68d4,,,trace_lg
TRACE_LOG_TASK_INCREMENT_TICK,4055,4083546,,,,4056,-
TRACE_LOG_TASK_INCREMENT_TICK,4056,4084546,,,,4057,-
TRACE_LOG_QUEUE_SEND,4057,4085511,3ffbd2a0,3ffbd6cc,,,trace_lg
TRACE_LOG_QUEUE_SEND,4057,4085518,3ffbd2a0,3ffb68d4,,,trace_lg
TRACE_LOG_TASK_INCREMENT_TICK,4057,4085546,,,,4058,-
TRACE_LOG_TASK_INCREMENT_TICK,4058,4086546,,,,4059,-
TRACE_LOG_TASK_INCREMENT_TICK,4059,4087546,,,,4060,-
TRACE_LOG_TASK_INCREMENT_TICK,4060,4088546,,,,4061,-
TRACE_LOG_TASK_INCREMENT_TICK,4061,4089546,,,,4062,-
TRACE_LOG_QUEUE_SEND,4062,4090025,3ffbd2a0,3ffbd6cc,,,trace_lg
TRACE_LOG_QUEUE_SEND,4062,4090032,3ffbd2a0,3ffb68d4,,,trace_lg
TRACE_LOG_TASK_INCREMENT_TICK,4062,4090546,,,,4063,-
TRACE_LOG_TASK_INCREMENT_TICK,4063,4091546,,,,4064,-
TRACE_LOG_TASK_INCREMENT_TICK,4064,4092546,,,,4065,-
TRACE_LOG_TASK_INCREMENT_TICK,4065,4093546,,,,4066,-
TRACE_LOG_QUEUE_SEND,4066,4094538,3ffbd2a0,3ffbd6cc,,,trace_lg
TRACE_LOG_TASK_INCREMENT_TICK,4066,4094546,,,,4067,-
TRACE_LOG_QUEUE_SEND,4067,4094551,3ffbd2a0,3ffb68d4,,,trace_lg
TRACE_LOG_TASK_INCREMENT_TICK,4067,4095546,,,,4068,-
TRACE_LOG_TASK_INCREMENT_TICK,4068,4096546,,,,4069,-
TRACE_LOG_QUEUE_SEND,4069,4097229,3ffbd2a0,3ffbd6cc,,,trace_lg
TRACE_LOG_QUEUE_SEND,4069,4097237,3ffbd2a0,3ffb68d4,,,trace_lg
TRACE_LOG_TASK_INCREMENT_TICK,4069,4097546,,,,4070,-
TRACE_LOG_TASK_INCREMENT_TICK,4070,4098546,,,,4071,-
TRACE_LOG_TASK_INCREMENT_TICK,4071,4099546,,,,4072,-
TRACE_LOG_QUEUE_SEND,4072,4099920,3ffbd2a0,3ffbd6cc,,,trace_lg
TRACE_LOG_QUEUE_SEND,4072,4099928,3ffbd2a0,3ffb68d4,,,trace_lg
TRACE_LOG_TASK_INCREMENT_TICK,4072,4100546,,,,4073,-
TRACE_LOG_TASK_INCREMENT_TICK,4073,4101546,,,,4074,-
TRACE_LOG_TASK_INCREMENT_TICK,4074,4102546,,,,4075,-
TRACE_LOG_QUEUE_SEND,4075,4102611,3ffbd2a0,3ffbd6cc,,,trace_lg
TRACE_LOG_QUEUE_SEND,4075,4102619,3ffbd2a0,3ffb68d4,,,trace_lg
TRACE_LOG_TASK_INCREMENT_TICK,4075,4103546,,,,4076,-
TRACE_LOG_TASK_INCREMENT_TICK,4076,4104546,,,,4077,-
TRACE_LOG_QUEUE_SEND,4077,4105302,3ffbd2a0,3ffbd6cc,,,trace_lg
TRACE_LOG_QUEUE_SEND,4077,4105310,3ffbd2a0,3ffb68d4,,,trace_lg
TRACE_LOG_TASK_INCREMENT_TICK,4077,4105546,,,,4078,-
TRACE_LOG_TASK_INCREMENT_TICK,4078,4106546,,,,4079,-
TRACE_LOG_TASK_INCREMENT_TICK,4079,4107546,,,,4080,-
TRACE_LOG_QUEUE_SEND,4080,4107993,3ffbd2a0,3ffbd6cc,,,trace_lg
TRACE_LOG_QUEUE_SEND,4080,4108001,3ffbd2a0,3ffb68d4,,,trace_lg
TRACE_LOG_TASK_INCREMENT_TICK,4080,4108546,,,,4081,-
TRACE_LOG_TASK_INCREMENT_TICK,4375,4403546,,,,4376,-
TRACE_LOG_QUEUE_SEND,4376,4404084,3ffbd2a0,3ffbd6cc,,,trace_lg
TRACE_LOG_QUEUE_SEND,4376,4404091,3ffbd2a0,3ffb68d4,,,trace_lg
TRACE_LOG_TASK_INCREMENT_TICK,4376,4404546,,,,4377,-
TRACE_LOG_TASK_INCREMENT_TICK,4377,4405546,,,,4378,-
TRACE_LOG_TASK_INCREMENT_TICK,4378,4406546,,,,4379,-
TRACE_LOG_QUEUE_SEND,4379,4406775,3ffbd2a0,3ffbd6cc,,,trace_lg
TRACE_LOG_QUEUE_SEND,4379,4406782,3ffbd2a0,3ffb68d4,,,trace_lg
TRACE_LOG_TASK_INCREMENT_TICK,4379,4407546,,,,4380,-
TRACE_LOG_TASK_INCREMENT_TICK,4380,4408546,,,,4381,-
TRACE_LOG_TASK_INCREMENT_TICK,4381,4409546,,,,4382,-
TRACE_LOG_TASK_INCREMENT_TICK,4382,4410546,,,,4383,-
TRACE_LOG_QUEUE_SEND,4383,4411289,3ffbd2a0,3ffbd6cc,,,trace_lg
TRACE_LOG_QUEUE_SEND,4383,4411296,3ffbd2a0,3ffb68d4,,,trace_lg
TRACE_LOG_TASK_INCREMENT_TICK,4383,4411546,,,,4384,-
TRACE_LOG_TASK_INCREMENT_TICK,4384,4412546,,,,4385,-
TRACE_LOG_TASK_INCREMENT_TICK,4385,4413546,,,,4386,-
TRACE_LOG_TASK_INCREMENT_TICK,4386,4414546,,,,4387,-
TRACE_LOG_TASK_INCREMENT_TICK,4387,4415546,,,,4388,-
TRACE_LOG_QUEUE_SEND,4388,4415802,3ffbd2a0,3ffbd6cc,,,trace_lg
TRACE_LOG_QUEUE_SEND,4388,4415810,3ffbd2a0,3ffb68d4,,,trace_lg
TRACE_LOG_TASK_INCREMENT_TICK,4388,4416546,,,,4389,-
TRACE_LOG_TASK_INCREMENT_TICK,4389,4417546,,,,4390,-
TRACE_LOG_QUEUE_SEND,4390,4418494,3ffbd2a0,3ffbd6cc,,,trace_lg
TRACE_LOG_QUEUE_SEND,4390,4418501,3ffbd2a0,3ffb68d4,,,trace_lg
TRACE_LOG_TASK_INCREMENT_TICK,4390,4418546,,,,4391,-
TRACE_LOG_TASK_INCREMENT_TICK,4391,4419546,,,,4392,-
TRACE_LOG_TASK_INCREMENT_TICK,4392,4420546,,,,4393,-
TRACE_LOG_QUEUE_SEND,4393,4421185,3ffbd2a0,3ffbd6cc,,,trace_lg
TRACE_LOG_QUEUE_SEND,4393,4421192,3ffbd2a0,3ffb68d4,,,trace_lg
TRACE_LOG_TASK_INCREMENT_TICK,4393,4421546,,,,4394,-
TRACE_LOG_TASK_INCREMENT_TICK,4394,4422546,,,,4395,-
TRACE_LOG_TASK_INCREMENT_TICK,4395,4423546,,,,4396,-
TRACE_LOG_QUEUE_SEND,4396,4423875,3ffbd2a0,3ffbd6cc,,,trace_lg
TRACE_LOG_QUEUE_SEND,4396,4423883,3ffbd2a0,3ffb68d4,,,trace_lg
TRACE_LOG_TASK_INCREMENT_TICK,4396,4424546,,,,4397,-
TRACE_LOG_TASK_INCREMENT_TICK,4397,4425546,,,,4398,-
TRACE_LOG_TASK_INCREMENT_TICK,4398,4426546,,,,4399,-
TRACE_LOG_TASK_INCREMENT_TICK,4399,4427546,,,,4400,-
TRACE_LOG_QUEUE_SEND,4400,4428389,3ffbd2a0,3ffbd6cc,,,trace_lg
TRACE_LOG_QUEUE_SEND,4400,4428397,3ffbd2a0,3ffb68d4,,,trace_lg
TRACE_LOG_TASK_INCREMENT_TICK,4400,4428546,,,,4401,-
TRACE_LOG_TASK_INCREMENT_TICK,4401,4429546,,,,4402,-
TRACE_LOG_TASK_INCREMENT_TICK,4402,4430546,,,,4403,-
TRACE_LOG_TASK_INCREMENT_TICK,4403,4431546,,,,4404,-
TRACE_LOG_TASK_SWITCHED_OUT,4404,4431550,3ffbd2a0,,,,trace_lg
TRACE_LOG_TASK_SWITCHED_IN,4404,4431553,3ffbad08,,,,reciever
TRACE_LOG_QUEUE_RECEIVE,4404,4431557,3ffbad08,3ffbd72c,4294967295,,reciever
TRACE_LOG_TASK_DELAY_UNTIL,4404,4431560,3ffbad08,,,4504,reciever
TRACE_LOG_TASK_SWITCHED_OUT,4404,4431568,3ffbad08,,,,reciever
TRACE_LOG_TASK_SWITCHED_IN,4404,4431571,3ffbd2a0,,,,trace_lg
TRACE_LOG_TASK_INCREMENT_TICK,4404,4432546,,,,4405,-
TRACE_LOG_QUEUE_SEND,4405,4432903,3ffbd2a0,3ffbd6cc,,,trace_lg
TRACE_LOG_QUEUE_SEND,4405,4432910,3ffbd2a0,3ffb68d4,,,trace_lg
TRACE_LOG_TASK_INCREMENT_TICK,4405,4433546,,,,4406,-
TRACE_LOG_TASK_INCREMENT_TICK,4406,4434546,,,,4407,-
TRACE_LOG_TASK_INCREMENT_TICK,4407,4435546,,,,4408,-
TRACE_LOG_QUEUE_SEND,4408,4435594,3ffbd2a0,3ffbd6cc,,,trace_lg
TRACE_LOG_QUEUE_SEND,4408,4435601,3ffbd2a0,3ffb68d4,,,trace_lg
TRACE_LOG_TASK_INCREMENT_TICK,4408,4436546,,,,4409,-
TRACE_LOG_TASK_SWITCHED_OUT,4409,4436551,3ffbd2a0,,,,trace_lg
TRACE_LOG_TASK_SWITCHED_IN,4409,4436553,3ffbcfd8,,,,sender 2
TRACE_LOG_QUEUE_SEND,4409,4436574,3ffbcfd8,3ffbd72c,,,sender 2
TRACE_LOG_TASK_DELAY_UNTIL,4409,4436578,3ffbcfd8,,,4609,sender 2
TRACE_LOG_TASK_SWITCHED_OUT,4409,4436586,3ffbcfd8,,,,sender 2
TRACE_LOG_TASK_SWITCHED_IN,4409,4436588,3ffbd2a0,,,,trace_lg
TRACE_LOG_TASK_INCREMENT_TICK,4409,4437546,,,,4410,-
TRACE_LOG_QUEUE_SEND,4410,4438285,3ffbd2a0,3ffbd6cc,,,trace_lg
TRACE_LOG_QUEUE_SEND,4410,4438292,3ffbd2a0,3ffb68d4,,,trace_lg
TRACE_LOG_TASK_INCREMENT_TICK,4410,4438546,,,,4411,-
TRACE_LOG_TASK_INCREMENT_TICK,4411,4439546,,,,4412,-
TRACE_LOG_TASK_INCREMENT_TICK,4412,4440546,,,,4413,-
TRACE_LOG_TASK_SWITCHED_OUT,4413,4440550,3ffbd2a0,,,,trace_lg
TRACE_LOG_TASK_SWITCHED_IN,4413,4440553,3ffbbe70,,,,sender 1
TRACE_LOG_QUEUE_SEND_FAILED,4413,4440574,3ffbbe70,3ffbd72c,,,sender 1
TRACE_LOG_TASK_DELAY_UNTIL,4413,4440577,3ffbbe70,,,4513,sender 1
TRACE_LOG_TASK_SWITCHED_OUT,4413,4440585,3ffbbe70,,,,sender 1
TRACE_LOG_TASK_SWITCHED_IN,4413,4440587,3ffbd2a0,,,,trace_lg
TRACE_LOG_QUEUE_SEND,4413,4440976,3ffbd2a0,3ffbd6cc,,,trace_lg
TRACE_LOG_QUEUE_SEND,4413,4440983,3ffbd2a0,3ffb68d4,,,trace_lg
TRACE_LOG_TASK_INCREMENT_TICK,4413,4441546,,,,4414,-
TRACE_LOG_TASK_INCREMENT_TICK,4414,4442546,,,,4415,-
TRACE_LOG_TASK_INCREMENT_TICK,4415,4443546,,,,4416,-
TRACE_LOG_QUEUE_SEND,4416,4443667,3ffbd2a0,3ffbd6cc,,,trace_lg
TRACE_LOG_QUEUE_SEND,4416,4443674,3ffbd2a0,3ffb68d4,,,trace_lg
TRACE_LOG_TASK_INCREMENT_TICK,4416,4444546,,,,4417,-
TRACE_LOG_TASK_INCREMENT_TICK,4417,4445546,,,,4418,-
TRACE_LOG_TASK_INCREMENT_TICK,4418,4446546,,,,4419,-
TRACE_LOG_TASK_INCREMENT_TICK,4419,4447546,,,,4420,-
TRACE_LOG_QUEUE_SEND,4420,4448181,3ffbd2a0,3ffbd6cc,,,trace_lg
TRACE_LOG_QUEUE_SEND,4420,4448188,3ffbd2a0,3ffb68d4,,,trace_lg
TRACE_LOG_TASK_INCREMENT_TICK,4420,4448546,,,,4421,-
TRACE_LOG_TASK_INCREMENT_TICK,4421,4449546,,,,4422,-
TRACE_LOG_TASK_INCREMENT_TICK,4422,4450546,,,,4423,-
TRACE_LOG_TASK_INCREMENT_TICK,4423,4451546,,,,4424,-
TRACE_LOG_TASK_INCREMENT_TICK,4424,4452546,,,,4425,-
TRACE_LOG_QUEUE_SEND,4425,4452695,3ffbd2a0,3ffbd6cc,,,trace_lg
TRACE_LOG_QUEUE_SEND,4425,4452702,3ffbd2a0,3ffb68d4,,,trace_lg
TRACE_LOG_TASK_INCREMENT_TICK,4425,4453546,,,,4426,-
TRACE_LOG_QUEUE_SEND,4721,4749487,3ffbd2a0,3ffb68d4,,,trace_lg
TRACE_LOG_TASK_INCREMENT_TICK,4721,4749546,,,,4722,-
TRACE_LOG_TASK_INCREMENT_TICK,4722,4750546,,,,4723,-
TRACE_LOG_TASK_INCREMENT_TICK,4723,4751546,,,,4724,-
TRACE_LOG_TASK_INCREMENT_TICK,4724,4752546,,,,4725,-
TRACE_LOG_TASK_INCREMENT_TICK,4725,4753546,,,,4726,-
TRACE_LOG_QUEUE_SEND,4726,4753994,3ffbd2a0,3ffbd6cc,,,trace_lg
TRACE_LOG_QUEUE_SEND,4726,4754001,3ffbd2a0,3ffb68d4,,,trace_lg
TRACE_LOG_TASK_INCREMENT_TICK,4726,4754546,,,,4727,-
TRACE_LOG_TASK_INCREMENT_TICK,4727,4755546,,,,4728,-
TRACE_LOG_TASK_INCREMENT_TICK,4728,4756546,,,,4729,-
TRACE_LOG_QUEUE_SEND,4729,4756685,3ffbd2a0,3ffbd6cc,,,trace_lg
TRACE_LOG_QUEUE_SEND,4729,4756692,3ffbd2a0,3ffb68d4,,,trace_lg
TRACE_LOG_TASK_INCREMENT_TICK,4729,4757546,,,,4730,-
TRACE_LOG_TASK_INCREMENT_TICK,4730,4758546,,,,4731,-
TRACE_LOG_QUEUE_SEND,4731,4759376,3ffbd2a0,3ffbd6cc,,,trace_lg
TRACE_LOG_QUEUE_SEND,4731,4759383,3ffbd2a0,3ffb68d4,,,trace_lg
TRACE_LOG_TASK_INCREMENT_TICK,4731,4759546,,,,4732,-
TRACE_LOG_TASK_INCREMENT_TICK,4732,4760546,,,,4733,-
TRACE_LOG_TASK_INCREMENT_TICK,4733,4761546,,,,4734,-
TRACE_LOG_QUEUE_SEND,4734,4762066,3ffbd2a0,3ffbd6cc,,,trace_lg
TRACE_LOG_QUEUE_SEND,4734,4762074,3ffbd2a0,3ffb68d4,,,trace_lg
TRACE_LOG_TASK_INCREMENT_TICK,4734,4762546,,,,4735,-
TRACE_LOG_TASK_INCREMENT_TICK,4735,4763546,,,,4736,-
TRACE_LOG_TASK_INCREMENT_TICK,4736,4764546,,,,4737,-
TRACE_LOG_QUEUE_SEND,4737,4764757,3ffbd2a0,3ffbd6cc,,,trace_lg
TRACE_LOG_QUEUE_SEND,4737,4764765,3ffbd2a0,3ffb68d4,,,trace_lg
TRACE_LOG_TASK_INCREMENT_TICK,4737,4765546,,,,4738,-
TRACE_LOG_TASK_INCREMENT_TICK,4738,4766546,,,,4739,-
TRACE_LOG_QUEUE_SEND,4739,4767448,3ffbd2a0,3ffbd6cc,,,trace_lg
TRACE_LOG_QUEUE_SEND,4739,4767456,3ffbd2a0,3ffb68d4,,,trace_lg
TRACE_LOG_TASK_INCREMENT_TICK,4739,4767546,,,,4740,-
TRACE_LOG_TASK_INCREMENT_TICK,4740,4768546,,,,4741,-
TRACE_LOG_TASK_INCREMENT_TICK,4741,4769546,,,,4742,-
TRACE_LOG_TASK_INCREMENT_TICK,4742,4770546,,,,4743,-
TRACE_LOG_TASK_INCREMENT_TICK,4743,4771546,,,,4744,-
TRACE_LOG_QUEUE_SEND,4744,4771962,3ffbd2a0,3ffbd6cc,,,trace_lg
TRACE_LOG_QUEUE_SEND,4744,4771970,3ffbd2a0,3ffb68d4,,,trace_lg
TRACE_LOG_TASK_INCREMENT_TICK,4744,4772546,,,,4745,-
TRACE_LOG_TASK_INCREMENT_TICK,4745,4773546,,,,4746,-
TRACE_LOG_TASK_INCREMENT_TICK,4746,4774546,,,,4747,-
TRACE_LOG_TASK_INCREMENT_TICK,4747,4775546,,,,4748,-
TRACE_LOG_QUEUE_SEND,4748,4776476,3ffbd2a0,3ffbd6cc,,,trace_lg
TRACE_LOG_QUEUE_SEND,4748,4776483,3ffbd2a0,3ffb68d4,,,trace_lg
TRACE_LOG_TASK_INCREMENT_TICK,4748,4776546,,,,4749,-
TRACE_LOG_TASK_INCREMENT_TICK,4749,4777546,,,,4750,-
TRACE_LOG_TASK_INCREMENT_TICK,4750,4778546,,,,4751,-
TRACE_LOG_QUEUE_SEND,4751,4779167,3ffbd2a0,3ffbd6cc,,,trace_lg
TRACE_LOG_QUEUE_SEND,4751,4779174,3ffbd2a0,3ffb68d4,,,trace_lg
TRACE_LOG_TASK_INCREMENT_TICK,4751,4779546,,,,4752,-
TRACE_LOG_TASK_INCREMENT_TICK,4752,4780546,,,,4753,-
TRACE_LOG_TASK_INCREMENT_TICK,4753,4781546,,,,4754,-
TRACE_LOG_QUEUE_SEND,4754,4781858,3ffbd2a0,3ffbd6cc,,,trace_lg
TRACE_LOG_QUEUE_SEND,4754,4781865,3ffbd2a0,3ffb68d4,,,trace_lg
TRACE_LOG_TASK_INCREMENT_TICK,4754,4782546,,,,4755,-
TRACE_LOG_TASK_INCREMENT_TICK,4755,4783546,,,,4756,-
TRACE_LOG_TASK_INCREMENT_TICK,4756,4784546,,,,4757,-
TRACE_LOG_QUEUE_SEND,4757,4784551,3ffbd2a0,3ffbd6cc,,,trace_lg
TRACE_LOG_QUEUE_SEND,4757,4784559,3ffbd2a0,3ffb68d4,,,trace_lg
TRACE_LOG_TASK_INCREMENT_TICK,4757,4785546,,,,4758,-
TRACE_LOG_TASK_INCREMENT_TICK,4758,4786546,,,,4759,-
TRACE_LOG_TASK_INCREMENT_TICK,4759,4787546,,,,4760,-
TRACE_LOG_TASK_INCREMENT_TICK,4760,4788546,,,,4761,-
TRACE_LOG_QUEUE_SEND,4761,4789063,3ffbd2a0,3ffbd6cc,,,trace_lg
TRACE_LOG_QUEUE_SEND,4761,4789070,3ffbd2a0,3ffb68d4,,,trace_lg
TRACE_LOG_TASK_INCREMENT_TICK,4761,4789546,,,,4762,-
TRACE_LOG_TASK_INCREMENT_TICK,4762,4790546,,,,4763,-
TRACE_LOG_TASK_INCREMENT_TICK,4763,4791546,,,,4764,-
TRACE_LOG_TASK_INCREMENT_TICK,4764,4792546,,,,4765,-
TRACE_LOG_TASK_INCREMENT_TICK,4765,4793546,,,,4766,-
TRACE_LOG_QUEUE_SEND,4766,4793577,3ffbd2a0,3ffbd6cc,,,trace_lg
TRACE_LOG_QUEUE_SEND,4766,4793584,3ffbd2a0,3ffb68d4,,,trace_lg
TRACE_LOG_TASK_INCREMENT_TICK,4766,4794546,,,,4767,-
TRACE_LOG_TASK_INCREMENT_TICK,4767,4795546,,,,4768,-
TRACE_LOG_QUEUE_SEND,4768,4796267,3ffbd2a0,3ffbd6cc,,,trace_lg
TRACE_LOG_QUEUE_SEND,4768,4796275,3ffbd2a0,3ffb68d4,,,trace_lg
TRACE_LOG_TASK_INCREMENT_TICK,4768,4796546,,,,4769,-
TRACE_LOG_TASK_INCREMENT_TICK,4769,4797546,,,,4770,-
TRACE_LOG_TASK_INCREMENT_TICK,4770,4798546,,,,4771,-
TRACE_LOG_QUEUE_SEND,4771,4798958,3ffbd2a0,3ffbd6cc,,,trace_lg
TRACE_LOG_QUEUE_SEND,4771,4798966,3ffbd2a0,3ffb68d4,,,trace_lg
TRACE_LOG_TASK_INCREMENT_TICK,4771,4799546,,,,4772,-
TRACE_LOG_TASK_INCREMENT_TICK,4772,4800546,,,,4773,-
TRACE_LOG_TASK_INCREMENT_TICK,4773,4801546,,,,4774,-
TRACE_LOG_TASK_INCREMENT_TICK,4774,4802546,,,,4775,-
TRACE_LOG_QUEUE_SEND,4775,4803472,3ffbd2a0,3ffbd6cc,,,trace_lg
TRACE_LOG_QUEUE_SEND,4775,4803480,3ffbd2a0,3ffb68d4,,,trace_lg
TRACE_LOG_TASK_INCREMENT_TICK,4775,4803546,,,,4776,-
TRACE_LOG_TASK_INCREMENT_TICK,4776,4804546,,,,4777,-
TRACE_LOG_TASK_INCREMENT_TICK,4777,4805546,,,,4778,-
TRACE_LOG_TASK_INCREMENT_TICK,4778,4806546,,,,4779,-
TRACE_LOG_TASK_INCREMENT_TICK,4779,4807546,,,,4780,-
TRACE_LOG_QUEUE_SEND,4780,4807986,3ffbd2a0,3ffbd6cc,,,trace_lg
TRACE_LOG_QUEUE_SEND,4780,4807993,3ffbd2a0,3ffb68d4,,,trace_lg
TRACE_LOG_TASK_INCREMENT_TICK,4780,4808546,,,,4781,-
TRACE_LOG_TASK_INCREMENT_TICK,4781,4809546,,,,4782,-
TRACE_LOG_TASK_INCREMENT_TICK,4782,4810546,,,,4783,-
TRACE_LOG_QUEUE_SEND,4783,4810677,3ffbd2a0,3ffbd6cc,,,trace_lg
TRACE_LOG_QUEUE_SEND,4783,4810684,3ffbd2a0,3ffb68d4,,,trace_lg
TRACE_LOG_TASK_INCREMENT_TICK,4783,4811546,,,,4784,-
TRACE_LOG_TASK_INCREMENT_TICK,4784,4812546,,,,4785,-
TRACE_LOG_QUEUE_SEND,4785,4813368,3ffbd2a0,3ffbd6cc,,,trace_lg
TRACE_LOG_QUEUE_SEND,4785,4813375,3ffbd2a0,3ffb68d4,,,trace_lg
TRACE_LOG_TASK_INCREMENT_TICK,4785,4813546,,,,4786,-
TRACE_LOG_TASK_INCREMENT_TICK,4786,4814546,,,,4787,-
TRACE_LOG_TASK_INCREMENT_TICK,4787,4815546,,,,4788,-
TRACE_LOG_TASK_INCREMENT_TICK,5076,5104546,,,,5077,-
TRACE_LOG_TASK_INCREMENT_TICK,5077,5105546,,,,5078,-
TRACE_LOG_QUEUE_SEND,5078,5105813,3ffbd2a0,3ffbd6cc,,,trace_lg
TRACE_LOG_QUEUE_SEND,5078,5105820,3ffbd2a0,3ffb68d4,,,trace_lg
TRACE_LOG_TASK_INCREMENT_TICK,5078,5106546,,,,5079,-
TRACE_LOG_TASK_INCREMENT_TICK,5079,5107546,,,,5080,-
TRACE_LOG_QUEUE_SEND,5080,5108504,3ffbd2a0,3ffbd6cc,,,trace_lg
TRACE_LOG_QUEUE_SEND,5080,5108511,3ffbd2a0,3ffb68d4,,,trace_lg
TRACE_LOG_TASK_INCREMENT_TICK,5080,5108546,,,,5081,-
TRACE_LOG_TASK_INCREMENT_TICK,5081,5109546,,,,5082,-
TRACE_LOG_TASK_INCREMENT_TICK,5082,5110546,,,,5083,-
TRACE_LOG_QUEUE_SEND,5083,5111195,3ffbd2a0,3ffbd6cc,,,trace_lg
TRACE_LOG_QUEUE_SEND,5083,5111202,3ffbd2a0,3ffb68d4,,,trace_lg
TRACE_LOG_TASK_INCREMENT_TICK,5083,5111546,,,,5084,-
TRACE_LOG_TASK_INCREMENT_TICK,5084,5112546,,,,5085,-
TRACE_LOG_TASK_INCREMENT_TICK,5085,5113546,,,,5086,-
TRACE_LOG_TASK_INCREMENT_TICK,5086,5114546,,,,5087,-
TRACE_LOG_TASK_INCREMENT_TICK,5087,5115546,,,,5088,-
TRACE_LOG_QUEUE_SEND,5088,5115709,3ffbd2a0,3ffbd6cc,,,trace_lg
TRACE_LOG_QUEUE_SEND,5088,5115716,3ffbd2a0,3ffb68d4,,,trace_lg
TRACE_LOG_TASK_INCREMENT_TICK,5088,5116546,,,,5089,-
TRACE_LOG_TASK_INCREMENT_TICK,5089,5117546,,,,5090,-
TRACE_LOG_TASK_INCREMENT_TICK,5090,5118546,,,,5091,-
TRACE_LOG_TASK_INCREMENT_TICK,5091,5119546,,,,5092,-
TRACE_LOG_QUEUE_SEND,5092,5120223,3ffbd2a0,3ffbd6cc,,,trace_lg
TRACE_LOG_QUEUE_SEND,5092,5120230,3ffbd2a0,3ffb68d4,,,trace_lg
TRACE_LOG_TASK_INCREMENT_TICK,5092,5120546,,,,5093,-
TRACE_LOG_TASK_INCREMENT_TICK,5093,5121546,,,,5094,-
TRACE_LOG_TASK_INCREMENT_TICK,5094,5122546,,,,5095,-
TRACE_LOG_QUEUE_SEND,5095,5122914,3ffbd2a0,3ffbd6cc,,,trace_lg
TRACE_LOG_QUEUE_SEND,5095,5122921,3ffbd2a0,3ffb68d4,,,trace_lg
TRACE_LOG_TASK_INCREMENT_TICK,5095,5123546,,,,5096,-
TRACE_LOG_TASK_INCREMENT_TICK,5096,5124546,,,,5097,-
TRACE_LOG_TASK_INCREMENT_TICK,5097,5125546,,,,5098,-
TRACE_LOG_QUEUE_SEND,5098,5125605,3ffbd2a0,3ffbd6cc,,,trace_lg
TRACE_LOG_QUEUE_SEND,5098,5125612,3ffbd2a0,3ffb68d4,,,trace_lg
TRACE_LOG_TASK_INCREMENT_TICK,5098,5126546,,,,5099,-
TRACE_LOG_TASK_INCREMENT_TICK,5099,5127546,,,,5100,-
TRACE_LOG_TASK_INCREMENT_TICK,5100,5128546,,,,5101,-
TRACE_LOG_TASK_INCREMENT_TICK,5101,5129546,,,,5102,-
TRACE_LOG_QUEUE_SEND,5102,5130118,3ffbd2a0,3ffbd6cc,,,trace_lg
TRACE_LOG_QUEUE_SEND,5102,5130126,3ffbd2a0,3ffb68d4,,,trace_lg
TRACE_LOG_TASK_INCREMENT_TICK,5102,5130546,,,,5103,-
TRACE_LOG_TASK_INCREMENT_TICK,5103,5131546,,,,5104,-
TRACE_LOG_TASK_SWITCHED_OUT,5104,5131550,3ffbd2a0,,,,trace_lg
TRACE_LOG_TASK_SWITCHED_IN,5104,5131553,3ffbad08,,,,reciever
TRACE_LOG_QUEUE_RECEIVE,5104,5131557,3ffbad08,3ffbd72c,4294967295,,reciever
TRACE_LOG_TASK_DELAY_UNTIL,5104,5131560,3ffbad08,,,5204,reciever
TRACE_LOG_TASK_SWITCHED_OUT,5104,5131568,3ffbad08,,,,reciever
TRACE_LOG_TASK_SWITCHED_IN,5104,5131571,3ffbd2a0,,,,trace_lg
TRACE_LOG_TASK_INCREMENT_TICK,5104,5132546,,,,5105,-
TRACE_LOG_TASK_INCREMENT_TICK,5105,5133546,,,,5106,-
TRACE_LOG_TASK_INCREMENT_TICK,5106,5134546,,,,5107,-
TRACE_LOG_QUEUE_SEND,5107,5134632,3ffbd2a0,3ffbd6cc,,,trace_lg
TRACE_LOG_QUEUE_SEND,5107,5134640,3ffbd2a0,3ffb68d4,,,trace_lg
TRACE_LOG_TASK_INCREMENT_TICK,5107,5135546,,,,5108,-
TRACE_LOG_TASK_INCREMENT_TICK,5108,5136546,,,,5109,-
TRACE_LOG_TASK_SWITCHED_OUT,5109,5136550,3ffbd2a0,,,,trace_lg
TRACE_LOG_TASK_SWITCHED_IN,5109,5136553,3ffbd13c,,,,sender 3
TRACE_LOG_QUEUE_SEND,5109,5136574,3ffbd13c,3ffbd72c,,,sender 3
TRACE_LOG_TASK_DELAY_UNTIL,5109,5136577,3ffbd13c,,,5409,sender 3
TRACE_LOG_TASK_SWITCHED_OUT,5109,5136585,3ffbd13c,,,,sender 3
TRACE_LOG_TASK_SWITCHED_IN,5109,5136588,3ffbd2a0,,,,trace_lg
TRACE_LOG_QUEUE_SEND,5109,5137323,3ffbd2a0,3ffbd6cc,,,trace_lg
TRACE_LOG_QUEUE_SEND,5109,5137330,3ffbd2a0,3ffb68d4,,,trace_lg
TRACE_LOG_TASK_INCREMENT_TICK,5109,5137546,,,,5110,-
TRACE_LOG_TASK_INCREMENT_TICK,5110,5138546,,,,5111,-
TRACE_LOG_TASK_INCREMENT_TICK,5111,5139546,,,,5112,-
TRACE_LOG_QUEUE_SEND,5112,5140014,3ffbd2a0,3ffbd6cc,,,trace_lg
TRACE_LOG_QUEUE_SEND,5112,5140021,3ffbd2a0,3ffb68d4,,,trace_lg
TRACE_LOG_TASK_INCREMENT_TICK,5112,5140546,,,,5113,-
TRACE_LOG_TASK_SWITCHED_OUT,5113,5140551,3ffbd2a0,,,,trace_lg
TRACE_LOG_TASK_SWITCHED_IN,5113,5140553,3ffbbe70,,,,sender 1
TRACE_LOG_QUEUE_SEND_FAILED,5113,5140574,3ffbbe70,3ffbd72c,,,sender 1
TRACE_LOG_TASK_DELAY_UNTIL,5113,5140577,3ffbbe70,,,5213,sender 1
TRACE_LOG_TASK_SWITCHED_OUT,5113,5140585,3ffbbe70,,,,sender 1
TRACE_LOG_TASK_SWITCHED_IN,5113,5140588,3ffbd2a0,,,,trace_lg
TRACE_LOG_TASK_INCREMENT_TICK,5113,5141546,,,,5114,-
TRACE_LOG_TASK_INCREMENT_TICK,5114,5142546,,,,5115,-
TRACE_LOG_QUEUE_SEND,5115,5142705,3ffbd2a0,3ffbd6cc,,,trace_lg
TRACE_LOG_QUEUE_SEND,5115,5142712,3ffbd2a0,3ffb68d4,,,trace_lg
TRACE_LOG_TASK_INCREMENT_TICK,5115,5143546,,,,5116,-
TRACE_LOG_TASK_INCREMENT_TICK,5116,5144546,,,,5117,-
TRACE_LOG_TASK_INCREMENT_TICK,5117,5145546,,,,5118,-
TRACE_LOG_TASK_INCREMENT_TICK,5118,5146546,,,,5119,-
TRACE_LOG_QUEUE_SEND,5119,5147219,3ffbd2a0,3ffbd6cc,,,trace_lg
TRACE_LOG_QUEUE_SEND,5119,5147226,3ffbd2a0,3ffb68d4,,,trace_lg
TRACE_LOG_TASK_INCREMENT_TICK,5119,5147546,,,,5120,-
TRACE_LOG_TASK_INCREMENT_TICK,5120,5148546,,,,5121,-
TRACE_LOG_TASK_INCREMENT_TICK,5121,5149546,,,,5122,-
TRACE_LOG_TASK_INCREMENT_TICK,5122,5150546,,,,5123,-
TRACE_LOG_TASK_INCREMENT_TICK,5123,5151546,,,,5124,-
TRACE_LOG_QUEUE_SEND,5124,5151733,3ffbd2a0,3ffbd6cc,,,trace_lg
TRACE_LOG_QUEUE_SEND,5124,5151740,3ffbd2a0,3ffb68d4,,,trace_lg
TRACE_LOG_TASK_INCREMENT_TICK,5124,5152546,,,,5125,-
TRACE_LOG_TASK_INCREMENT_TICK,5125,5153546,,,,5126,-
TRACE_LOG_QUEUE_SEND,5126,5154424,3ffbd2a0,3ffbd6cc,,,trace_lg
TRACE_LOG_QUEUE_SEND,5126,5154431,3ffbd2a0,3ffb68d4,,,trace_lg
TRACE_LOG_QUEUE_SEND,5420,5448518,3ffbd2a0,3ffbd6cc,,,trace_lg
TRACE_LOG_QUEUE_SEND,5420,5448525,3ffbd2a0,3ffb68d4,,,trace_lg
TRACE_LOG_TASK_INCREMENT_TICK,5420,5448546,,,,5421,-
TRACE_LOG_TASK_INCREMENT_TICK,5421,5449546,,,,5422,-
TRACE_LOG_TASK_INCREMENT_TICK,5422,5450546,,,,5423,-
TRACE_LOG_TASK_INCREMENT_TICK,5423,5451546,,,,5424,-
TRACE_LOG_TASK_INCREMENT_TICK,5424,5452546,,,,5425,-
TRACE_LOG_QUEUE_SEND,5425,5453032,3ffbd2a0,3ffbd6cc,,,trace_lg
TRACE_LOG_QUEUE_SEND,5425,5453039,3ffbd2a0,3ffb68d4,,,trace_lg
TRACE_LOG_TASK_INCREMENT_TICK,5425,5453546,,,,5426,-
TRACE_LOG_TASK_INCREMENT_TICK,5426,5454546,,,,5427,-
TRACE_LOG_TASK_INCREMENT_TICK,5427,5455546,,,,5428,-
TRACE_LOG_TASK_INCREMENT_TICK,5428,5456546,,,,5429,-
TRACE_LOG_TASK_INCREMENT_TICK,5429,5457546,,,,5430,-
TRACE_LOG_QUEUE_SEND,5430,5457551,3ffbd2a0,3ffbd6cc,,,trace_lg
TRACE_LOG_QUEUE_SEND,5430,5457559,3ffbd2a0,3ffb68d4,,,trace_lg
TRACE_LOG_TASK_INCREMENT_TICK,5430,5458546,,,,5431,-
TRACE_LOG_TASK_INCREMENT_TICK,5431,5459546,,,,5432,-
TRACE_LOG_QUEUE_SEND,5432,5460237,3ffbd2a0,3ffbd6cc,,,trace_lg
TRACE_LOG_QUEUE_SEND,5432,5460244,3ffbd2a0,3ffb68d4,,,trace_lg
TRACE_LOG_TASK_INCREMENT_TICK,5432,5460546,,,,5433,-
TRACE_LOG_TASK_INCREMENT_TICK,5433,5461546,,,,5434,-
TRACE_LOG_TASK_INCREMENT_TICK,5434,5462546,,,,5435,-
TRACE_LOG_QUEUE_SEND,5435,5462928,3ffbd2a0,3ffbd6cc,,,trace_lg
TRACE_LOG_QUEUE_SEND,5435,5462935,3ffbd2a0,3ffb68d4,,,trace_lg
TRACE_LOG_TASK_INCREMENT_TICK,5435,5463546,,,,5436,-
TRACE_LOG_TASK_INCREMENT_TICK,5436,5464546,,,,5437,-
TRACE_LOG_TASK_INCREMENT_TICK,5437,5465546,,,,5438,-
TRACE_LOG_QUEUE_SEND,5438,5465619,3ffbd2a0,3ffbd6cc,,,trace_lg
TRACE_LOG_QUEUE_SEND,5438,5465626,3ffbd2a0,3ffb68d4,,,trace_lg
TRACE_LOG_TASK_INCREMENT_TICK,5438,5466546,,,,5439,-
TRACE_LOG_TASK_INCREMENT_TICK,5439,5467546,,,,5440,-
TRACE_LOG_QUEUE_SEND,5440,5468309,3ffbd2a0,3ffbd6cc,,,trace_lg
TRACE_LOG_QUEUE_SEND,5440,5468317,3ffbd2a0,3ffb68d4,,,trace_lg
TRACE_LOG_TASK_INCREMENT_TICK,5440,5468546,,,,5441,-
TRACE_LOG_TASK_INCREMENT_TICK,5441,5469546,,,,5442,-
TRACE_LOG_TASK_INCREMENT_TICK,5442,5470546,,,,5443,-
TRACE_LOG_QUEUE_SEND,5443,5471000,3ffbd2a0,3ffbd6cc,,,trace_lg
TRACE_LOG_QUEUE_SEND,5443,5471008,3ffbd2a0,3ffb68d4,,,trace_lg
TRACE_LOG_TASK_INCREMENT_TICK,5443,5471546,,,,5444,-
TRACE_LOG_TASK_INCREMENT_TICK,5444,5472546,,,,5445,-
TRACE_LOG_TASK_INCREMENT_TICK,5445,5473546,,,,5446,-
TRACE_LOG_TASK_INCREMENT_TICK,5446,5474546,,,,5447,-
TRACE_LOG_QUEUE_SEND,5447,5475514,3ffbd2a0,3ffbd6cc,,,trace_lg
TRACE_LOG_QUEUE_SEND,5447,5475522,3ffbd2a0,3ffb68d4,,,trace_lg
TRACE_LOG_TASK_INCREMENT_TICK,5447,5475546,,,,5448,-
TRACE_LOG_TASK_INCREMENT_TICK,5448,5476546,,,,5449,-
TRACE_LOG_TASK_INCREMENT_TICK,5449,5477546,,,,5450,-
TRACE_LOG_TASK_INCREMENT_TICK,5450,5478546,,,,5451,-
TRACE_LOG_TASK_INCREMENT_TICK,5451,5479546,,,,5452,-
TRACE_LOG_QUEUE_SEND,5452,5480028,3ffbd2a0,3ffbd6cc,,,trace_lg
TRACE_LOG_QUEUE_SEND,5452,5480035,3ffbd2a0,3ffb68d4,,,trace_lg
TRACE_LOG_TASK_INCREMENT_TICK,5452,5480546,,,,5453,-
TRACE_LOG_TASK_INCREMENT_TICK,5453,5481546,,,,5454,-
TRACE_LOG_TASK_INCREMENT_TICK,5454,5482546,,,,5455,-
TRACE_LOG_QUEUE_SEND,5455,5482719,3ffbd2a0,3ffbd6cc,,,trace_lg
TRACE_LOG_QUEUE_SEND,5455,5482726,3ffbd2a0,3ffb68d4,,,trace_lg
TRACE_LOG_TASK_INCREMENT_TICK,5455,5483546,,,,5456,-
TRACE_LOG_TASK_INCREMENT_TICK,5456,5484546,,,,5457,-
TRACE_LOG_QUEUE_SEND,5457,5485410,3ffbd2a0,3ffbd6cc,,,trace_lg
TRACE_LOG_QUEUE_SEND,5457,5485417,3ffbd2a0,3ffb68d4,,,trace_lg
TRACE_LOG_TASK_INCREMENT_TICK,5457,5485546,,,,5458,-
TRACE_LOG_TASK_INCREMENT_TICK,5458,5486546,,,,5459,-
TRACE_LOG_TASK_INCREMENT_TICK,5459,5487546,,,,5460,-
TRACE_LOG_QUEUE_SEND,5460,5488101,3ffbd2a0,3ffbd6cc,,,trace_lg
TRACE_LOG_QUEUE_SEND,5460,5488108,3ffbd2a0,3ffb68d4,,,trace_lg
TRACE_LOG_TASK_INCREMENT_TICK,5460,5488546,,,,5461,-
TRACE_LOG_TASK_INCREMENT_TICK,5461,5489546,,,,5462,-
TRACE_LOG_TASK_INCREMENT_TICK,5462,5490546,,,,5463,-
TRACE_LOG_QUEUE_SEND,5463,5490792,3ffbd2a0,3ffbd6cc,,,trace_lg
TRACE_LOG_QUEUE_SEND,5463,5490799,3ffbd2a0,3ffb68d4,,,trace_lg
TRACE_LOG_TASK_INCREMENT_TICK,5463,5491546,,,,5464,-
TRACE_LOG_TASK_INCREMENT_TICK,5464,5492546,,,,5465,-
TRACE_LOG_QUEUE_SEND,5465,5493483,3ffbd2a0,3ffbd6cc,,,trace_lg
TRACE_LOG_QUEUE_SEND,5465,5493490,3ffbd2a0,3ffb68d4,,,trace_lg
TRACE_LOG_TASK_INCREMENT_TICK,5465,5493546,,,,5466,-
TRACE_LOG_TASK_INCREMENT_TICK,5466,5494546,,,,5467,-
TRACE_LOG_TASK_INCREMENT_TICK,5467,5495546,,,,5468,-
TRACE_LOG_TASK_INCREMENT_TICK,5468,5496546,,,,5469,-
TRACE_LOG_TASK_INCREMENT_TICK,5469,5497546,,,,5470,-
TRACE_LOG_QUEUE_SEND,5470,5497997,3ffbd2a0,3ffbd6cc,,,trace_lg
TRACE_LOG_QUEUE_SEND,5470,5498004,3ffbd2a0,3ffb68d4,,,trace_lg
TRACE_LOG_TASK_INCREMENT_TICK,5470,5498546,,,,5471,-
TRACE_LOG_TASK_INCREMENT_TICK,5471,5499546,,,,5472,-
TRACE_LOG_TASK_INCREMENT_TICK,5472,5500546,,,,5473,-
TRACE_LOG_TASK_INCREMENT_TICK,5473,5501546,,,,5474,-
TRACE_LOG_QUEUE_SEND,5474,5502510,3ffbd2a0,3ffbd6cc,,,trace_lg
TRACE_LOG_QUEUE_SEND,5474,5502518,3ffbd2a0,3ffb68d4,,,trace_lg
TRACE_LOG_TASK_INCREMENT_TICK,5474,5502546,,,,5475,-
TRACE_LOG_TASK_INCREMENT_TICK,5475,5503546,,,,5476,-
TRACE_LOG_TASK_INCREMENT_TICK,5476,5504546,,,,5477,-
TRACE_LOG_QUEUE_SEND,5477,5505201,3ffbd2a0,3ffbd6cc,,,trace_lg
TRACE_LOG_QUEUE_SEND,5477,5505209,3ffbd2a0,3ffb68d4,,,trace_lg
TRACE_LOG_TASK_INCREMENT_TICK,5477,5505546,,,,5478,-
TRACE_LOG_TASK_INCREMENT_TICK,5478,5506546,,,,5479,-
TRACE_LOG_TASK_INCREMENT_TICK,5479,5507546,,,,5480,-
TRACE_LOG_QUEUE_SEND,5480,5507892,3ffbd2a0,3ffbd6cc,,,trace_lg
TRACE_LOG_QUEUE_SEND,5480,5507900,3ffbd2a0,3ffb68d4,,,trace_lg
TRACE_LOG_TASK_INCREMENT_TICK,5480,5508546,,,,5481,-
TRACE_LOG_TASK_INCREMENT_TICK,5481,5509546,,,,5482,-
TRACE_LOG_TASK_INCREMENT_TICK,5482,5510546,,,,5483,-
TRACE_LOG_TASK_INCREMENT_TICK,5483,5511546,,,,5484,-
TRACE_LOG_QUEUE_SEND,6017,6044582,3ffbd2a0,3ffbd6cc,,,trace_lg
TRACE_LOG_QUEUE_SEND,6017,6044634,3ffbd2a0,3ffbd6cc,,,trace_lg
TRACE_LOG_QUEUE_SEND,6017,6044642,3ffbd2a0,3ffb68d4,,,trace_lg
TRACE_LOG_QUEUE_SEND,6017,6044733,3ffbd2a0,3ffbd6cc,,,trace_lg
TRACE_LOG_QUEUE_SEND,6017,6044740,3ffbd2a0,3ffb68d4,,,trace_lg
TRACE_LOG_TASK_INCREMENT_TICK,6017,6045546,,,,6018,-
TRACE_LOG_TASK_INCREMENT_TICK,6018,6046546,,,,6019,-
TRACE_LOG_QUEUE_SEND,6019,6046796,3ffbd2a0,3ffbd6cc,,,trace_lg
TRACE_LOG_QUEUE_SEND,6019,6046803,3ffbd2a0,3ffb68d4,,,trace_lg
TRACE_LOG_TASK_INCREMENT_TICK,6019,6047546,,,,6020,-
TRACE_LOG_TASK_INCREMENT_TICK,6020,6048546,,,,6021,-
TRACE_LOG_TASK_INCREMENT_TICK,6021,6049546,,,,6022,-
TRACE_LOG_TASK_INCREMENT_TICK,6022,6050546,,,,6023,-
TRACE_LOG_QUEUE_SEND,6023,6051310,3ffbd2a0,3ffbd6cc,,,trace_lg
TRACE_LOG_QUEUE_SEND,6023,6051317,3ffbd2a0,3ffb68d4,,,trace_lg
TRACE_LOG_TASK_INCREMENT_TICK,6023,6051546,,,,6024,-
TRACE_LOG_TASK_INCREMENT_TICK,6024,6052546,,,,6025,-
TRACE_LOG_TASK_INCREMENT_TICK,6025,6053546,,,,6026,-
TRACE_LOG_TASK_INCREMENT_TICK,6026,6054546,,,,6027,-
TRACE_LOG_TASK_INCREMENT_TICK,6027,6055546,,,,6028,-
TRACE_LOG_QUEUE_SEND,6028,6055824,3ffbd2a0,3ffbd6cc,,,trace_lg
TRACE_LOG_QUEUE_SEND,6028,6055831,3ffbd2a0,3ffb68d4,,,trace_lg
TRACE_LOG_TASK_INCREMENT_TICK,6028,6056546,,,,6029,-
TRACE_LOG_TASK_INCREMENT_TICK,6029,6057546,,,,6030,-
TRACE_LOG_TASK_INCREMENT_TICK,6030,6058546,,,,6031,-
TRACE_LOG_TASK_INCREMENT_TICK,6031,6059546,,,,6032,-
TRACE_LOG_QUEUE_SEND,6032,6060337,3ffbd2a0,3ffbd6cc,,,trace_lg
TRACE_LOG_QUEUE_SEND,6032,6060345,3ffbd2a0,3ffb68d4,,,trace_lg
TRACE_LOG_TASK_INCREMENT_TICK,6032,6060546,,,,6033,-
TRACE_LOG_TASK_INCREMENT_TICK,6033,6061546,,,,6034,-
TRACE_LOG_TASK_INCREMENT_TICK,6034,6062546,,,,6035,-
TRACE_LOG_QUEUE_SEND,6035,6063028,3ffbd2a0,3ffbd6cc,,,trace_lg
TRACE_LOG_QUEUE_SEND,6035,6063036,3ffbd2a0,3ffb68d4,,,trace_lg
TRACE_LOG_TASK_INCREMENT_TICK,6035,6063546,,,,6036,-
TRACE_LOG_TASK_INCREMENT_TICK,6036,6064546,,,,6037,-
TRACE_LOG_TASK_INCREMENT_TICK,6037,6065546,,,,6038,-
TRACE_LOG_QUEUE_SEND,6038,6065719,3ffbd2a0,3ffbd6cc,,,trace_lg
TRACE_LOG_QUEUE_SEND,6038,6065727,3ffbd2a0,3ffb68d4,,,trace_lg
TRACE_LOG_TASK_INCREMENT_TICK,6038,6066546,,,,6039,-
TRACE_LOG_TASK_INCREMENT_TICK,6039,6067546,,,,6040,-
TRACE_LOG_TASK_INCREMENT_TICK,6040,6068546,,,,6041,-
TRACE_LOG_TASK_INCREMENT_TICK,6041,6069546,,,,6042,-
TRACE_LOG_QUEUE_SEND,6042,6070233,3ffbd2a0,3ffbd6cc,,,trace_lg
TRACE_LOG_QUEUE_SEND,6042,6070240,3ffbd2a0,3ffb68d4,,,trace_lg
TRACE_LOG_TASK_INCREMENT_TICK,6042,6070546,,,,6043,-
TRACE_LOG_TASK_INCREMENT_TICK,6043,6071546,,,,6044,-
TRACE_LOG_TASK_INCREMENT_TICK,6044,6072546,,,,6045,-
TRACE_LOG_TASK_INCREMENT_TICK,6045,6073546,,,,6046,-
TRACE_LOG_TASK_INCREMENT_TICK,6046,6074546,,,,6047,-
TRACE_LOG_QUEUE_SEND,6047,6074747,3ffbd2a0,3ffbd6cc,,,trace_lg
TRACE_LOG_QUEUE_SEND,6047,6074754,3ffbd2a0,3ffb68d4,,,trace_lg
TRACE_LOG_TASK_INCREMENT_TICK,6047,6075546,,,,6048,-
TRACE_LOG_TASK_INCREMENT_TICK,6048,6076546,,,,6049,-
TRACE_LOG_QUEUE_SEND,6049,6077438,3ffbd2a0,3ffbd6cc,,,trace_lg
TRACE_LOG_QUEUE_SEND,6049,6077445,3ffbd2a0,3ffb68d4,,,trace_lg
TRACE_LOG_TASK_INCREMENT_TICK,6049,6077546,,,,6050,-
TRACE_LOG_TASK_INCREMENT_TICK,6050,6078546,,,,6051,-
TRACE_LOG_TASK_INCREMENT_TICK,6051,6079546,,,,6052,-
TRACE_LOG_QUEUE_SEND,6052,6080129,3ffbd2a0,3ffbd6cc,,,trace_lg
TRACE_LOG_QUEUE_SEND,6052,6080136,3ffbd2a0,3ffb68d4,,,trace_lg
TRACE_LOG_TASK_INCREMENT_TICK,6052,6080546,,,,6053,-
TRACE_LOG_TASK_INCREMENT_TICK,6053,6081546,,,,6054,-
TRACE_LOG_TASK_INCREMENT_TICK,6054,6082546,,,,6055,-
TRACE_LOG_QUEUE_SEND,6055,6082820,3ffbd2a0,3ffbd6cc,,,trace_lg
TRACE_LOG_QUEUE_SEND,6055,6082827,3ffbd2a0,3ffb68d4,,,trace_lg
TRACE_LOG_TASK_INCREMENT_TICK,6055,6083546,,,,6056,-
TRACE_LOG_TASK_INCREMENT_TICK,6056,6084546,,,,6057,-
TRACE_LOG_QUEUE_SEND,6057,6085511,3ffbd2a0,3ffbd6cc,,,trace_lg
TRACE_LOG_QUEUE_SEND,6057,6085518,3ffbd2a0,3ffb68d4,,,trace_lg
TRACE_LOG_TASK_INCREMENT_TICK,6057,6085546,,,,6058,-
TRACE_LOG_TASK_INCREMENT_TICK,6058,6086546,,,,6059,-
TRACE_LOG_TASK_INCREMENT_TICK,6059,6087546,,,,6060,-
TRACE_LOG_TASK_INCREMENT_TICK,6060,6088546,,,,6061,-
TRACE_LOG_TASK_INCREMENT_TICK,6061,6089546,,,,6062,-
TRACE_LOG_QUEUE_SEND,6062,6090025,3ffbd2a0,3ffbd6cc,,,trace_lg
TRACE_LOG_QUEUE_SEND,6062,6090032,3ffbd2a0,3ffb68d4,,,trace_lg
TRACE_LOG_TASK_INCREMENT_TICK,6062,6090546,,,,6063,-
TRACE_LOG_TASK_INCREMENT_TICK,6063,6091546,,,,6064,-
TRACE_LOG_TASK_INCREMENT_TICK,6064,6092546,,,,6065,-
TRACE_LOG_TASK_INCREMENT_TICK,6065,6093546,,,,6066,-
TRACE_LOG_QUEUE_SEND,6066,6094538,3ffbd2a0,3ffbd6cc,,,trace_lg
TRACE_LOG_TASK_INCREMENT_TICK,6066,6094546,,,,6067,-
TRACE_LOG_QUEUE_SEND,6067,6094552,3ffbd2a0,3ffb68d4,,,trace_lg
TRACE_LOG_TASK_INCREMENT_TICK,6067,6095546,,,,6068,-
TRACE_LOG_TASK_INCREMENT_TICK,6068,6096546,,,,6069,-
TRACE_LOG_QUEUE_SEND,6069,6097229,3ffbd2a0,3ffbd6cc,,,trace_lg
TRACE_LOG_QUEUE_SEND,6069,6097237,3ffbd2a0,3ffb68d4,,,trace_lg
TRACE_LOG_TASK_INCREMENT_TICK,6069,6097546,,,,6070,-
TRACE_LOG_TASK_INCREMENT_TICK,6070,6098546,,,,6071,-
TRACE_LOG_TASK_INCREMENT_TICK,6071,6099546,,,,6072,-
TRACE_LOG_QUEUE_SEND,6072,6099920,3ffbd2a0,3ffbd6cc,,,trace_lg
TRACE_LOG_QUEUE_SEND,6072,6099928,3ffbd2a0,3ffb68d4,,,trace_lg
TRACE_LOG_TASK_INCREMENT_TICK,6072,6100546,,,,6073,-
TRACE_LOG_TASK_INCREMENT_TICK,6073,6101546,,,,6074,-
TRACE_LOG_TASK_INCREMENT_TICK,6074,6102546,,,,6075,-
TRACE_LOG_QUEUE_SEND,6075,6102611,3ffbd2a0,3ffbd6cc,,,trace_lg
TRACE_LOG_QUEUE_SEND,6075,6102619,3ffbd2a0,3ffb68d4,,,trace_lg
TRACE_LOG_TASK_INCREMENT_TICK,6075,6103546,,,,6076,-
TRACE_LOG_TASK_INCREMENT_TICK,6076,6104546,,,,6077,-
TRACE_LOG_QUEUE_SEND,6077,6105302,3ffbd2a0,3ffbd6cc,,,trace_lg
TRACE_LOG_QUEUE_SEND,6077,6105310,3ffbd2a0,3ffb68d4,,,trace_lg
TRACE_LOG_TASK_INCREMENT_TICK,6077,6105546,,,,6078,-
TRACE_LOG_TASK_INCREMENT_TICK,6078,6106546,,,,6079,-
TRACE_LOG_TASK_INCREMENT_TICK,6079,6107546,,,,6080,-
TRACE_LOG_QUEUE_SEND,6080,6107993,3ffbd2a0,3ffbd6cc,,,trace_lg
TRACE_LOG_QUEUE_SEND,6080,6108001,3ffbd2a0,3ffb68d4,,,trace_lg
TRACE_LOG_QUEUE_SEND,6373,6401400,3ffbd2a0,3ffb68d4,,,trace_lg
TRACE_LOG_TASK_INCREMENT_TICK,6373,6401546,,,,6374,-
TRACE_LOG_TASK_INCREMENT_TICK,6374,6402546,,,,6375,-
TRACE_LOG_TASK_INCREMENT_TICK,6375,6403546,,,,6376,-
TRACE_LOG_TASK_INCREMENT_TICK,6376,6404546,,,,6377,-
TRACE_LOG_TASK_INCREMENT_TICK,6377,6405546,,,,6378,-
TRACE_LOG_QUEUE_SEND,6378,6405907,3ffbd2a0,3ffbd6cc,,,trace_lg
TRACE_LOG_QUEUE_SEND,6378,6405914,3ffbd2a0,3ffb68d4,,,trace_lg
TRACE_LOG_TASK_INCREMENT_TICK,6378,6406546,,,,6379,-
TRACE_LOG_TASK_INCREMENT_TICK,6379,6407546,,,,6380,-
TRACE_LOG_TASK_INCREMENT_TICK,6380,6408546,,,,6381,-
TRACE_LOG_QUEUE_SEND,6381,6408598,3ffbd2a0,3ffbd6cc,,,trace_lg
TRACE_LOG_QUEUE_SEND,6381,6408605,3ffbd2a0,3ffb68d4,,,trace_lg
TRACE_LOG_TASK_INCREMENT_TICK,6381,6409546,,,,6382,-
TRACE_LOG_TASK_INCREMENT_TICK,6382,6410546,,,,6383,-
TRACE_LOG_QUEUE_SEND,6383,6411289,3ffbd2a0,3ffbd6cc,,,trace_lg
TRACE_LOG_QUEUE_SEND,6383,6411296,3ffbd2a0,3ffb68d4,,,trace_lg
TRACE_LOG_TASK_INCREMENT_TICK,6383,6411546,,,,6384,-
TRACE_LOG_TASK_INCREMENT_TICK,6384,6412546,,,,6385,-
TRACE_LOG_TASK_INCREMENT_TICK,6385,6413546,,,,6386,-
TRACE_LOG_QUEUE_SEND,6386,6413980,3ffbd2a0,3ffbd6cc,,,trace_lg
TRACE_LOG_QUEUE_SEND,6386,6413987,3ffbd2a0,3ffb68d4,,,trace_lg
TRACE_LOG_TASK_INCREMENT_TICK,6386,6414546,,,,6387,-
TRACE_LOG_TASK_INCREMENT_TICK,6387,6415546,,,,6388,-
TRACE_LOG_TASK_INCREMENT_TICK,6388,6416546,,,,6389,-
TRACE_LOG_QUEUE_SEND,6389,6416671,3ffbd2a0,3ffbd6cc,,,trace_lg
TRACE_LOG_QUEUE_SEND,6389,6416678,3ffbd2a0,3ffb68d4,,,trace_lg
TRACE_LOG_TASK_INCREMENT_TICK,6389,6417546,,,,6390,-
TRACE_LOG_TASK_INCREMENT_TICK,6390,6418546,,,,6391,-
TRACE_LOG_QUEUE_SEND,6391,6419362,3ffbd2a0,3ffbd6cc,,,trace_lg
TRACE_LOG_QUEUE_SEND,6391,6419369,3ffbd2a0,3ffb68d4,,,trace_lg
TRACE_LOG_TASK_INCREMENT_TICK,6391,6419546,,,,6392,-
TRACE_LOG_TASK_INCREMENT_TICK,6392,6420546,,,,6393,-
TRACE_LOG_TASK_INCREMENT_TICK,6393,6421546,,,,6394,-
TRACE_LOG_TASK_INCREMENT_TICK,6394,6422546,,,,6395,-
TRACE_LOG_TASK_INCREMENT_TICK,6395,6423546,,,,6396,-
TRACE_LOG_QUEUE_SEND,6396,6423876,3ffbd2a0,3ffbd6cc,,,trace_lg
TRACE_LOG_QUEUE_SEND,6396,6423883,3ffbd2a0,3ffb68d4,,,trace_lg
TRACE_LOG_TASK_INCREMENT_TICK,6396,6424546,,,,6397,-
TRACE_LOG_TASK_INCREMENT_TICK,6397,6425546,,,,6398,-
TRACE_LOG_TASK_INCREMENT_TICK,6398,6426546,,,,6399,-
TRACE_LOG_TASK_INCREMENT_TICK,6399,6427546,,,,6400,-
TRACE_LOG_QUEUE_SEND,6400,6428389,3ffbd2a0,3ffbd6cc,,,trace_lg
TRACE_LOG_QUEUE_SEND,6400,6428397,3ffbd2a0,3ffb68d4,,,trace_lg
TRACE_LOG_TASK_INCREMENT_TICK,6400,6428546,,,,6401,-
TRACE_LOG_TASK_INCREMENT_TICK,6401,6429546,,,,6402,-
TRACE_LOG_TASK_INCREMENT_TICK,6402,6430546,,,,6403,-
TRACE_LOG_QUEUE_SEND,6403,6431080,3ffbd2a0,3ffbd6cc,,,trace_lg
TRACE_LOG_QUEUE_SEND,6403,6431088,3ffbd2a0,3ffb68d4,,,trace_lg
TRACE_LOG_TASK_INCREMENT_TICK,6403,6431546,,,,6404,-
TRACE_LOG_TASK_SWITCHED_OUT,6404,6431551,3ffbd2a0,,,,trace_lg
TRACE_LOG_TASK_SWITCHED_IN,6404,6431553,3ffbad08,,,,reciever
TRACE_LOG_QUEUE_RECEIVE,6404,6431557,3ffbad08,3ffbd72c,4294967295,,reciever
TRACE_LOG_TASK_DELAY_UNTIL,6404,6431560,3ffbad08,,,6504,reciever
TRACE_LOG_TASK_SWITCHED_OUT,6404,6431568,3ffbad08,,,,reciever
TRACE_LOG_TASK_SWITCHED_IN,6404,6431571,3ffbd2a0,,,,trace_lg
TRACE_LOG_TASK_INCREMENT_TICK,6404,6432546,,,,6405,-
TRACE_LOG_TASK_INCREMENT_TICK,6405,6433546,,,,6406,-
TRACE_LOG_QUEUE_SEND,6406,6433771,3ffbd2a0,3ffbd6cc,,,trace_lg
TRACE_LOG_QUEUE_SEND,6406,6433778,3ffbd2a0,3ffb68d4,,,trace_lg
TRACE_LOG_TASK_INCREMENT_TICK,6406,6434546,,,,6407,-
TRACE_LOG_TASK_INCREMENT_TICK,6407,6435546,,,,6408,-
TRACE_LOG_QUEUE_SEND,6408,6436462,3ffbd2a0,3ffbd6cc,,,trace_lg
TRACE_LOG_QUEUE_SEND,6408,6436469,3ffbd2a0,3ffb68d4,,,trace_lg
TRACE_LOG_TASK_INCREMENT_TICK,6408,6436546,,,,6409,-
TRACE_LOG_TASK_SWITCHED_OUT,6409,6436551,3ffbd2a0,,,,trace_lg
TRACE_LOG_TASK_SWITCHED_IN,6409,6436553,3ffbcfd8,,,,sender 2
TRACE_LOG_QUEUE_SEND,6409,6436574,3ffbcfd8,3ffbd72c,,,sender 2
TRACE_LOG_TASK_DELAY_UNTIL,6409,6436578,3ffbcfd8,,,6609,sender 2
TRACE_LOG_TASK_SWITCHED_OUT,6409,6436586,3ffbcfd8,,,,sender 2
TRACE_LOG_TASK_SWITCHED_IN,6409,6436588,3ffbd2a0,,,,trace_lg
TRACE_LOG_TASK_INCREMENT_TICK,6409,6437546,,,,6410,-
TRACE_LOG_TASK_INCREMENT_TICK,6410,6438546,,,,6411,-
TRACE_LOG_TASK_INCREMENT_TICK,6411,6439546,,,,6412,-
TRACE_LOG_TASK_INCREMENT_TICK,6412,6440546,,,,6413,-
TRACE_LOG_TASK_SWITCHED_OUT,6413,6440550,3ffbd2a0,,,,trace_lg
TRACE_LOG_TASK_SWITCHED_IN,6413,6440553,3ffbbe70,,,,sender 1
TRACE_LOG_QUEUE_SEND_FAILED,6413,6440574,3ffbbe70,3ffbd72c,,,sender 1
TRACE_LOG_TASK_DELAY_UNTIL,6413,6440577,3ffbbe70,,,6513,sender 1
TRACE_LOG_TASK_SWITCHED_OUT,6413,6440585,3ffbbe70,,,,sender 1
TRACE_LOG_TASK_SWITCHED_IN,6413,6440587,3ffbd2a0,,,,trace_lg
TRACE_LOG_QUEUE_SEND,6413,6440976,3ffbd2a0,3ffbd6cc,,,trace_lg
TRACE_LOG_QUEUE_SEND,6413,6440983,3ffbd2a0,3ffb68d4,,,trace_lg
TRACE_LOG_TASK_INCREMENT_TICK,6413,6441546,,,,6414,-
TRACE_LOG_TASK_INCREMENT_TICK,6414,6442546,,,,6415,-
TRACE_LOG_TASK_INCREMENT_TICK,6415,6443546,,,,6416,-
TRACE_LOG_TASK_INCREMENT_TICK,6416,6444546,,,,6417,-
TRACE_LOG_QUEUE_SEND,6417,6445490,3ffbd2a0,3ffbd6cc,,,trace_lg
TRACE_LOG_QUEUE_SEND,6417,6445497,3ffbd2a0,3ffb68d4,,,trace_lg
TRACE_LOG_TASK_INCREMENT_TICK,6417,6445546,,,,6418,-
TRACE_LOG_TASK_INCREMENT_TICK,6418,6446546,,,,6419,-
TRACE_LOG_TASK_INCREMENT_TICK,6419,6447546,,,,6420,-
TRACE_LOG_QUEUE_SEND,6420,6448181,3ffbd2a0,3ffbd6cc,,,trace_lg
TRACE_LOG_QUEUE_SEND,6420,6448188,3ffbd2a0,3ffb68d4,,,trace_lg
TRACE_LOG_TASK_INCREMENT_TICK,6420,6448546,,,,6421,-
TRACE_LOG_TASK_INCREMENT_TICK,6421,6449546,,,,6422,-
TRACE_LOG_TASK_INCREMENT_TICK,6422,6450546,,,,6423,-
TRACE_LOG_QUEUE_SEND,6423,6450872,3ffbd2a0,3ffbd6cc,,,trace_lg
TRACE_LOG_QUEUE_SEND,6423,6450879,3ffbd2a0,3ffb68d4,,,trace_lg
TRACE_LOG_TASK_INCREMENT_TICK,6423,6451546,,,,6424,-
TRACE_LOG_TASK_INCREMENT_TICK,6722,6750546,,,,6723,-
TRACE_LOG_QUEUE_SEND,6723,6751303,3ffbd2a0,3ffbd6cc,,,trace_lg
TRACE_LOG_QUEUE_SEND,6723,6751310,3ffbd2a0,3ffb68d4,,,trace_lg
TRACE_LOG_TASK_INCREMENT_TICK,6723,6751546,,,,6724,-
TRACE_LOG_TASK_INCREMENT_TICK,6724,6752546,,,,6725,-
TRACE_LOG_TASK_INCREMENT_TICK,6725,6753546,,,,6726,-
TRACE_LOG_QUEUE_SEND,6726,6753994,3ffbd2a0,3ffbd6cc,,,trace_lg
TRACE_LOG_QUEUE_SEND,6726,6754001,3ffbd2a0,3ffb68d4,,,trace_lg
TRACE_LOG_TASK_INCREMENT_TICK,6726,6754546,,,,6727,-
TRACE_LOG_TASK_INCREMENT_TICK,6727,6755546,,,,6728,-
TRACE_LOG_TASK_INCREMENT_TICK,6728,6756546,,,,6729,-
TRACE_LOG_TASK_INCREMENT_TICK,6729,6757546,,,,6730,-
TRACE_LOG_QUEUE_SEND,6730,6758508,3ffbd2a0,3ffbd6cc,,,trace_lg
TRACE_LOG_QUEUE_SEND,6730,6758515,3ffbd2a0,3ffb68d4,,,trace_lg
TRACE_LOG_TASK_INCREMENT_TICK,6730,6758546,,,,6731,-
TRACE_LOG_TASK_INCREMENT_TICK,6731,6759546,,,,6732,-
TRACE_LOG_TASK_INCREMENT_TICK,6732,6760546,,,,6733,-
TRACE_LOG_TASK_INCREMENT_TICK,6733,6761546,,,,6734,-
TRACE_LOG_TASK_INCREMENT_TICK,6734,6762546,,,,6735,-
TRACE_LOG_QUEUE_SEND,6735,6763021,3ffbd2a0,3ffbd6cc,,,trace_lg
TRACE_LOG_QUEUE_SEND,6735,6763029,3ffbd2a0,3ffb68d4,,,trace_lg
TRACE_LOG_TASK_INCREMENT_TICK,6735,6763546,,,,6736,-
TRACE_LOG_TASK_INCREMENT_TICK,6736,6764546,,,,6737,-
TRACE_LOG_TASK_INCREMENT_TICK,6737,6765546,,,,6738,-
TRACE_LOG_QUEUE_SEND,6738,6765712,3ffbd2a0,3ffbd6cc,,,trace_lg
TRACE_LOG_QUEUE_SEND,6738,6765720,3ffbd2a0,3ffb68d4,,,trace_lg
TRACE_LOG_TASK_INCREMENT_TICK,6738,6766546,,,,6739,-
TRACE_LOG_TASK_INCREMENT_TICK,6739,6767546,,,,6740,-
TRACE_LOG_QUEUE_SEND,6740,6768403,3ffbd2a0,3ffbd6cc,,,trace_lg
TRACE_LOG_QUEUE_SEND,6740,6768411,3ffbd2a0,3ffb68d4,,,trace_lg
TRACE_LOG_TASK_INCREMENT_TICK,6740,6768546,,,,6741,-
TRACE_LOG_TASK_INCREMENT_TICK,6741,6769546,,,,6742,-
TRACE_LOG_TASK_INCREMENT_TICK,6742,6770546,,,,6743,-
TRACE_LOG_QUEUE_SEND,6743,6771094,3ffbd2a0,3ffbd6cc,,,trace_lg
TRACE_LOG_QUEUE_SEND,6743,6771102,3ffbd2a0,3ffb68d4,,,trace_lg
TRACE_LOG_TASK_INCREMENT_TICK,6743,6771546,,,,6744,-
TRACE_LOG_TASK_INCREMENT_TICK,6744,6772546,,,,6745,-
TRACE_LOG_TASK_INCREMENT_TICK,6745,6773546,,,,6746,-
TRACE_LOG_TASK_INCREMENT_TICK,6746,6774546,,,,6747,-
TRACE_LOG_TASK_INCREMENT_TICK,6747,6775546,,,,6748,-
TRACE_LOG_QUEUE_SEND,6748,6775608,3ffbd2a0,3ffbd6cc,,,trace_lg
TRACE_LOG_QUEUE_SEND,6748,6775615,3ffbd2a0,3ffb68d4,,,trace_lg
TRACE_LOG_TASK_INCREMENT_TICK,6748,6776546,,,,6749,-
TRACE_LOG_TASK_INCREMENT_TICK,6749,6777546,,,,6750,-
TRACE_LOG_TASK_INCREMENT_TICK,6750,6778546,,,,6751,-
TRACE_LOG_TASK_INCREMENT_TICK,6751,6779546,,,,6752,-
TRACE_LOG_QUEUE_SEND,6752,6780122,3ffbd2a0,3ffbd6cc,,,trace_lg
TRACE_LOG_QUEUE_SEND,6752,6780129,3ffbd2a0,3ffb68d4,,,trace_lg
TRACE_LOG_TASK_INCREMENT_TICK,6752,6780546,,,,6753,-
TRACE_LOG_TASK_INCREMENT_TICK,6753,6781546,,,,6754,-
TRACE_LOG_TASK_INCREMENT_TICK,6754,6782546,,,,6755,-
TRACE_LOG_QUEUE_SEND,6755,6782813,3ffbd2a0,3ffbd6cc,,,trace_lg
TRACE_LOG_QUEUE_SEND,6755,6782820,3ffbd2a0,3ffb68d4,,,trace_lg
TRACE_LOG_TASK_INCREMENT_TICK,6755,6783546,,,,6756,-
TRACE_LOG_TASK_INCREMENT_TICK,6756,6784546,,,,6757,-
TRACE_LOG_QUEUE_SEND,6757,6785504,3ffbd2a0,3ffbd6cc,,,trace_lg
TRACE_LOG_QUEUE_SEND,6757,6785511,3ffbd2a0,3ffb68d4,,,trace_lg
TRACE_LOG_TASK_INCREMENT_TICK,6757,6785546,,,,6758,-
TRACE_LOG_TASK_INCREMENT_TICK,6758,6786546,,,,6759,-
TRACE_LOG_TASK_INCREMENT_TICK,6759,6787546,,,,6760,-
TRACE_LOG_QUEUE_SEND,6760,6788195,3ffbd2a0,3ffbd6cc,,,trace_lg
TRACE_LOG_QUEUE_SEND,6760,6788202,3ffbd2a0,3ffb68d4,,,trace_lg
TRACE_LOG_TASK_INCREMENT_TICK,6760,6788546,,,,6761,-
TRACE_LOG_TASK_INCREMENT_TICK,6761,6789546,,,,6762,-
TRACE_LOG_TASK_INCREMENT_TICK,6762,6790546,,,,6763,-
TRACE_LOG_QUEUE_SEND,6763,6790886,3ffbd2a0,3ffbd6cc,,,trace_lg
TRACE_LOG_QUEUE_SEND,6763,6790893,3ffbd2a0,3ffb68d4,,,trace_lg
TRACE_LOG_TASK_INCREMENT_TICK,6763,6791546,,,,6764,-
TRACE_LOG_TASK_INCREMENT_TICK,6764,6792546,,,,6765,-
TRACE_LOG_TASK_INCREMENT_TICK,6765,6793546,,,,6766,-
TRACE_LOG_TASK_INCREMENT_TICK,6766,6794546,,,,6767,-
TRACE_LOG_QUEUE_SEND,6767,6795400,3ffbd2a0,3ffbd6cc,,,trace_lg
TRACE_LOG_QUEUE_SEND,6767,6795407,3ffbd2a0,3ffb68d4,,,trace_lg
TRACE_LOG_TASK_INCREMENT_TICK,6767,6795546,,,,6768,-
TRACE_LOG_TASK_INCREMENT_TICK,6768,6796546,,,,6769,-
TRACE_LOG_TASK_INCREMENT_TICK,6769,6797546,,,,6770,-
TRACE_LOG_TASK_INCREMENT_TICK,6770,6798546,,,,6771,-
TRACE_LOG_TASK_INCREMENT_TICK,6771,6799546,,,,6772,-
TRACE_LOG_QUEUE_SEND,6772,6799913,3ffbd2a0,3ffbd6cc,,,trace_lg
TRACE_LOG_QUEUE_SEND,6772,6799921,3ffbd2a0,3ffb68d4,,,trace_lg
TRACE_LOG_TASK_INCREMENT_TICK,6772,6800546,,,,6773,-
TRACE_LOG_TASK_INCREMENT_TICK,6773,6801546,,,,6774,-
TRACE_LOG_TASK_INCREMENT_TICK,6774,6802546,,,,6775,-
TRACE_LOG_QUEUE_SEND,6775,6802604,3ffbd2a0,3ffbd6cc,,,trace_lg
TRACE_LOG_QUEUE_SEND,6775,6802612,3ffbd2a0,3ffb68d4,,,trace_lg
TRACE_LOG_TASK_INCREMENT_TICK,6775,6803546,,,,6776,-
TRACE_LOG_TASK_INCREMENT_TICK,6776,6804546,,,,6777,-
TRACE_LOG_QUEUE_SEND,6777,6805295,3ffbd2a0,3ffbd6cc,,,trace_lg
TRACE_LOG_QUEUE_SEND,6777,6805303,3ffbd2a0,3ffb68d4,,,trace_lg
TRACE_LOG_TASK_INCREMENT_TICK,6777,6805546,,,,6778,-
TRACE_LOG_TASK_INCREMENT_TICK,6778,6806546,,,,6779,-
TRACE_LOG_TASK_INCREMENT_TICK,6779,6807546,,,,6780,-
TRACE_LOG_QUEUE_SEND,6780,6807986,3ffbd2a0,3ffbd6cc,,,trace_lg
TRACE_LOG_QUEUE_SEND,6780,6807993,3ffbd2a0,3ffb68d4,,,trace_lg
TRACE_LOG_TASK_INCREMENT_TICK,6780,6808546,,,,6781,-
TRACE_LOG_TASK_INCREMENT_TICK,6781,6809546,,,,6782,-
TRACE_LOG_TASK_INCREMENT_TICK,6782,6810546,,,,6783,-
TRACE_LOG_QUEUE_SEND,6783,6810677,3ffbd2a0,3ffbd6cc,,,trace_lg
TRACE_LOG_QUEUE_SEND,6783,6810685,3ffbd2a0,3ffb68d4,,,trace_lg
TRACE_LOG_TASK_INCREMENT_TICK,6783,6811546,,,,6784,-
TRACE_LOG_TASK_INCREMENT_TICK,6784,6812546,,,,6785,-
TRACE_LOG_QUEUE_SEND,6785,6813368,3ffbd2a0,3ffbd6cc,,,trace_lg
TRACE_LOG_QUEUE_SEND,6785,6813375,3ffbd2a0,3ffb68d4,,,trace_lg
TRACE_LOG_TASK_INCREMENT_TICK,6785,6813546,,,,6786,-
TRACE_LOG_QUEUE_SEND,7076,7104077,3ffbd2a0,3ffbd6cc,,,trace_lg
TRACE_LOG_QUEUE_SEND,7076,7104084,3ffbd2a0,3ffb68d4,,,trace_lg
TRACE_LOG_TASK_INCREMENT_TICK,7076,7104546,,,,7077,-
TRACE_LOG_TASK_INCREMENT_TICK,7077,7105546,,,,7078,-
TRACE_LOG_TASK_INCREMENT_TICK,7078,7106546,,,,7079,-
TRACE_LOG_TASK_INCREMENT_TICK,7079,7107546,,,,7080,-
TRACE_LOG_TASK_INCREMENT_TICK,7080,7108546,,,,7081,-
TRACE_LOG_QUEUE_SEND,7081,7108591,3ffbd2a0,3ffbd6cc,,,trace_lg
TRACE_LOG_QUEUE_SEND,7081,7108598,3ffbd2a0,3ffb68d4,,,trace_lg
TRACE_LOG_TASK_INCREMENT_TICK,7081,7109546,,,,7082,-
TRACE_LOG_TASK_INCREMENT_TICK,7082,7110546,,,,7083,-
TRACE_LOG_TASK_INCREMENT_TICK,7083,7111546,,,,7084,-
TRACE_LOG_TASK_INCREMENT_TICK,7084,7112546,,,,7085,-
TRACE_LOG_QUEUE_SEND,7085,7113105,3ffbd2a0,3ffbd6cc,,,trace_lg
TRACE_LOG_QUEUE_SEND,7085,7113112,3ffbd2a0,3ffb68d4,,,trace_lg
TRACE_LOG_TASK_INCREMENT_TICK,7085,7113546,,,,7086,-
TRACE_LOG_TASK_INCREMENT_TICK,7086,7114546,,,,7087,-
TRACE_LOG_TASK_INCREMENT_TICK,7087,7115546,,,,7088,-
TRACE_LOG_QUEUE_SEND,7088,7115796,3ffbd2a0,3ffbd6cc,,,trace_lg
TRACE_LOG_QUEUE_SEND,7088,7115803,3ffbd2a0,3ffb68d4,,,trace_lg
TRACE_LOG_TASK_INCREMENT_TICK,7088,7116546,,,,7089,-
TRACE_LOG_TASK_INCREMENT_TICK,7089,7117546,,,,7090,-
TRACE_LOG_QUEUE_SEND,7090,7118487,3ffbd2a0,3ffbd6cc,,,trace_lg
TRACE_LOG_QUEUE_SEND,7090,7118494,3ffbd2a0,3ffb68d4,,,trace_lg
TRACE_LOG_TASK_INCREMENT_TICK,7090,7118546,,,,7091,-
TRACE_LOG_TASK_INCREMENT_TICK,7091,7119546,,,,7092,-
TRACE_LOG_TASK_INCREMENT_TICK,7092,7120546,,,,7093,-
TRACE_LOG_QUEUE_SEND,7093,7121177,3ffbd2a0,3ffbd6cc,,,trace_lg
TRACE_LOG_QUEUE_SEND,7093,7121185,3ffbd2a0,3ffb68d4,,,trace_lg
TRACE_LOG_TASK_INCREMENT_TICK,7093,7121546,,,,7094,-
TRACE_LOG_TASK_INCREMENT_TICK,7094,7122546,,,,7095,-
TRACE_LOG_TASK_INCREMENT_TICK,7095,7123546,,,,7096,-
TRACE_LOG_QUEUE_SEND,7096,7123869,3ffbd2a0,3ffbd6cc,,,trace_lg
TRACE_LOG_QUEUE_SEND,7096,7123876,3ffbd2a0,3ffb68d4,,,trace_lg
TRACE_LOG_TASK_INCREMENT_TICK,7096,7124546,,,,7097,-
TRACE_LOG_TASK_INCREMENT_TICK,7097,7125546,,,,7098,-
TRACE_LOG_TASK_INCREMENT_TICK,7098,7126546,,,,7099,-
TRACE_LOG_QUEUE_SEND,7099,7126560,3ffbd2a0,3ffbd6cc,,,trace_lg
TRACE_LOG_QUEUE_SEND,7099,7126567,3ffbd2a0,3ffb68d4,,,trace_lg
TRACE_LOG_TASK_INCREMENT_TICK,7099,7127546,,,,7100,-
TRACE_LOG_TASK_INCREMENT_TICK,7100,7128546,,,,7101,-
TRACE_LOG_TASK_INCREMENT_TICK,7101,7129546,,,,7102,-
TRACE_LOG_TASK_INCREMENT_TICK,7102,7130546,,,,7103,-
TRACE_LOG_QUEUE_SEND,7103,7131073,3ffbd2a0,3ffbd6cc,,,trace_lg
TRACE_LOG_QUEUE_SEND,7103,7131081,3ffbd2a0,3ffb68d4,,,trace_lg
TRACE_LOG_TASK_INCREMENT_TICK,7103,7131546,,,,7104,-
TRACE_LOG_TASK_SWITCHED_OUT,7104,7131551,3ffbd2a0,,,,trace_lg
TRACE_LOG_TASK_SWITCHED_IN,7104,7131553,3ffbad08,,,,reciever
TRACE_LOG_QUEUE_RECEIVE,7104,7131557,3ffbad08,3ffbd72c,4294967295,,reciever
TRACE_LOG_TASK_DELAY_UNTIL,7104,7131560,3ffbad08,,,7204,reciever
TRACE_LOG_TASK_SWITCHED_OUT,7104,7131568,3ffbad08,,,,reciever
TRACE_LOG_TASK_SWITCHED_IN,7104,7131571,3ffbd2a0,,,,trace_lg
TRACE_LOG_TASK_INCREMENT_TICK,7104,7132546,,,,7105,-
TRACE_LOG_TASK_INCREMENT_TICK,7105,7133546,,,,7106,-
TRACE_LOG_TASK_INCREMENT_TICK,7106,7134546,,,,7107,-
TRACE_LOG_TASK_INCREMENT_TICK,7107,7135546,,,,7108,-
TRACE_LOG_QUEUE_SEND,7108,7135587,3ffbd2a0,3ffbd6cc,,,trace_lg
TRACE_LOG_QUEUE_SEND,7108,7135595,3ffbd2a0,3ffb68d4,,,trace_lg
TRACE_LOG_TASK_INCREMENT_TICK,7108,7136546,,,,7109,-
TRACE_LOG_TASK_INCREMENT_TICK,7109,7137546,,,,7110,-
TRACE_LOG_QUEUE_SEND,7110,7138278,3ffbd2a0,3ffbd6cc,,,trace_lg
TRACE_LOG_QUEUE_SEND,7110,7138285,3ffbd2a0,3ffb68d4,,,trace_lg
TRACE_LOG_TASK_INCREMENT_TICK,7110,7138546,,,,7111,-
TRACE_LOG_TASK_INCREMENT_TICK,7111,7139546,,,,7112,-
TRACE_LOG_TASK_INCREMENT_TICK,7112,7140546,,,,7113,-
TRACE_LOG_TASK_SWITCHED_OUT,7113,7140550,3ffbd2a0,,,,trace_lg
TRACE_LOG_TASK_SWITCHED_IN,7113,7140553,3ffbbe70,,,,sender 1
TRACE_LOG_QUEUE_SEND,7113,7140574,3ffbbe70,3ffbd72c,,,sender 1
TRACE_LOG_TASK_DELAY_UNTIL,7113,7140577,3ffbbe70,,,7213,sender 1
TRACE_LOG_TASK_SWITCHED_OUT,7113,7140585,3ffbbe70,,,,sender 1
TRACE_LOG_TASK_SWITCHED_IN,7113,7140588,3ffbd2a0,,,,trace_lg
TRACE_LOG_QUEUE_SEND,7113,7140969,3ffbd2a0,3ffbd6cc,,,trace_lg
TRACE_LOG_QUEUE_SEND,7113,7140976,3ffbd2a0,3ffb68d4,,,trace_lg
TRACE_LOG_TASK_INCREMENT_TICK,7113,7141546,,,,7114,-
TRACE_LOG_TASK_INCREMENT_TICK,7114,7142546,,,,7115,-
TRACE_LOG_TASK_INCREMENT_TICK,7115,7143546,,,,7116,-
TRACE_LOG_QUEUE_SEND,7116,7143660,3ffbd2a0,3ffbd6cc,,,trace_lg
TRACE_LOG_QUEUE_SEND,7116,7143667,3ffbd2a0,3ffb68d4,,,trace_lg
TRACE_LOG_TASK_INCREMENT_TICK,7116,7144546,,,,7117,-
TRACE_LOG_TASK_INCREMENT_TICK,7117,7145546,,,,7118,-
TRACE_LOG_QUEUE_SEND,7118,7146351,3ffbd2a0,3ffbd6cc,,,trace_lg
TRACE_LOG_QUEUE_SEND,7118,7146358,3ffbd2a0,3ffb68d4,,,trace_lg
TRACE_LOG_TASK_INCREMENT_TICK,7118,7146546,,,,7119,-
TRACE_LOG_TASK_INCREMENT_TICK,7119,7147546,,,,7120,-
TRACE_LOG_TASK_INCREMENT_TICK,7120,7148546,,,,7121,-
TRACE_LOG_TASK_INCREMENT_TICK,7121,7149546,,,,7122,-
TRACE_LOG_TASK_INCREMENT_TICK,7122,7150546,,,,7123,-
TRACE_LOG_QUEUE_SEND,7123,7150865,3ffbd2a0,3ffbd6cc,,,trace_lg
TRACE_LOG_QUEUE_SEND,7123,7150872,3ffbd2a0,3ffb68d4,,,trace_lg
TRACE_LOG_TASK_INCREMENT_TICK,7123,7151546,,,,7124,-
TRACE_LOG_TASK_INCREMENT_TICK,7124,7152546,,,,7125,-
TRACE_LOG_TASK_INCREMENT_TICK,7125,7153546,,,,7126,-
TRACE_LOG_TASK_INCREMENT_TICK,7126,7154546,,,,7127,-
TRACE_LOG_QUEUE_SEND,7127,7155379,3ffbd2a0,3ffbd6cc,,,trace_lg
TRACE_LOG_QUEUE_SEND,7127,7155386,3ffbd2a0,3ffb68d4,,,trace_lg
TRACE_LOG_TASK_INCREMENT_TICK,7127,7155546,,,,7128,-
TRACE_LOG_TASK_INCREMENT_TICK,7128,7156546,,,,7129,-
TRACE_LOG_TASK_INCREMENT_TICK,7129,7157546,,,,7130,-
TRACE_LOG_QUEUE_SEND,7130,7158070,3ffbd2a0,3ffbd6cc,,,trace_lg
TRACE_LOG_QUEUE_SEND,7130,7158077,3ffbd2a0,3ffb68d4,,,trace_lg
TRACE_LOG_QUEUE_SEND,7424,7451556,3ffbd2a0,3ffbd6cc,,,trace_lg
TRACE_LOG_QUEUE_SEND,7424,7451564,3ffbd2a0,3ffb68d4,,,trace_lg
TRACE_LOG_TASK_INCREMENT_TICK,7424,7452546,,,,7425,-
TRACE_LOG_TASK_INCREMENT_TICK,7425,7453546,,,,7426,-
TRACE_LOG_TASK_INCREMENT_TICK,7426,7454546,,,,7427,-
TRACE_LOG_TASK_INCREMENT_TICK,7427,7455546,,,,7428,-
TRACE_LOG_QUEUE_SEND,7428,7456070,3ffbd2a0,3ffbd6cc,,,trace_lg
TRACE_LOG_QUEUE_SEND,7428,7456077,3ffbd2a0,3ffb68d4,,,trace_lg
TRACE_LOG_TASK_INCREMENT_TICK,7428,7456546,,,,7429,-
TRACE_LOG_TASK_INCREMENT_TICK,7429,7457546,,,,7430,-
TRACE_LOG_TASK_INCREMENT_TICK,7430,7458546,,,,7431,-
TRACE_LOG_TASK_INCREMENT_TICK,7431,7459546,,,,7432,-
TRACE_LOG_TASK_INCREMENT_TICK,7432,7460546,,,,7433,-
TRACE_LOG_QUEUE_SEND,7433,7460584,3ffbd2a0,3ffbd6cc,,,trace_lg
TRACE_LOG_QUEUE_SEND,7433,7460591,3ffbd2a0,3ffb68d4,,,trace_lg
TRACE_LOG_TASK_INCREMENT_TICK,7433,7461546,,,,7434,-
TRACE_LOG_TASK_INCREMENT_TICK,7434,7462546,,,,7435,-
TRACE_LOG_QUEUE_SEND,7435,7463275,3ffbd2a0,3ffbd6cc,,,trace_lg
TRACE_LOG_QUEUE_SEND,7435,7463282,3ffbd2a0,3ffb68d4,,,trace_lg
TRACE_LOG_TASK_INCREMENT_TICK,7435,7463546,,,,7436,-
TRACE_LOG_TASK_INCREMENT_TICK,7436,7464546,,,,7437,-
TRACE_LOG_TASK_INCREMENT_TICK,7437,7465546,,,,7438,-
TRACE_LOG_QUEUE_SEND,7438,7465966,3ffbd2a0,3ffbd6cc,,,trace_lg
TRACE_LOG_QUEUE_SEND,7438,7465973,3ffbd2a0,3ffb68d4,,,trace_lg
TRACE_LOG_TASK_INCREMENT_TICK,7438,7466546,,,,7439,-
TRACE_LOG_TASK_INCREMENT_TICK,7439,7467546,,,,7440,-
TRACE_LOG_TASK_INCREMENT_TICK,7440,7468546,,,,7441,-
TRACE_LOG_QUEUE_SEND,7441,7468657,3ffbd2a0,3ffbd6cc,,,trace_lg
TRACE_LOG_QUEUE_SEND,7441,7468664,3ffbd2a0,3ffb68d4,,,trace_lg
TRACE_LOG_TASK_INCREMENT_TICK,7441,7469546,,,,7442,-
TRACE_LOG_TASK_INCREMENT_TICK,7442,7470546,,,,7443,-
TRACE_LOG_QUEUE_SEND,7443,7471348,3ffbd2a0,3ffbd6cc,,,trace_lg
TRACE_LOG_QUEUE_SEND,7443,7471355,3ffbd2a0,3ffb68d4,,,trace_lg
TRACE_LOG_TASK_INCREMENT_TICK,7443,7471546,,,,7444,-
TRACE_LOG_TASK_INCREMENT_TICK,7444,7472546,,,,7445,-
TRACE_LOG_TASK_INCREMENT_TICK,7445,7473546,,,,7446,-
TRACE_LOG_TASK_INCREMENT_TICK,7446,7474546,,,,7447,-
TRACE_LOG_TASK_INCREMENT_TICK,7447,7475546,,,,7448,-
TRACE_LOG_QUEUE_SEND,7448,7475861,3ffbd2a0,3ffbd6cc,,,trace_lg
TRACE_LOG_QUEUE_SEND,7448,7475869,3ffbd2a0,3ffb68d4,,,trace_lg
TRACE_LOG_TASK_INCREMENT_TICK,7448,7476546,,,,7449,-
TRACE_LOG_TASK_INCREMENT_TICK,7449,7477546,,,,7450,-
TRACE_LOG_TASK_INCREMENT_TICK,7450,7478546,,,,7451,-
TRACE_LOG_TASK_INCREMENT_TICK,7451,7479546,,,,7452,-
TRACE_LOG_QUEUE_SEND,7452,7480375,3ffbd2a0,3ffbd6cc,,,trace_lg
TRACE_LOG_QUEUE_SEND,7452,7480383,3ffbd2a0,3ffb68d4,,,trace_lg
TRACE_LOG_TASK_INCREMENT_TICK,7452,7480546,,,,7453,-
TRACE_LOG_TASK_INCREMENT_TICK,7453,7481546,,,,7454,-
TRACE_LOG_TASK_INCREMENT_TICK,7454,7482546,,,,7455,-
TRACE_LOG_QUEUE_SEND,7455,7483066,3ffbd2a0,3ffbd6cc,,,trace_lg
TRACE_LOG_QUEUE_SEND,7455,7483074,3ffbd2a0,3ffb68d4,,,trace_lg
TRACE_LOG_TASK_INCREMENT_TICK,7455,7483546,,,,7456,-
TRACE_LOG_TASK_INCREMENT_TICK,7456,7484546,,,,7457,-
TRACE_LOG_TASK_INCREMENT_TICK,7457,7485546,,,,7458,-
TRACE_LOG_QUEUE_SEND,7458,7485757,3ffbd2a0,3ffbd6cc,,,trace_lg
TRACE_LOG_QUEUE_SEND,7458,7485764,3ffbd2a0,3ffb68d4,,,trace_lg
TRACE_LOG_TASK_INCREMENT_TICK,7458,7486546,,,,7459,-
TRACE_LOG_TASK_INCREMENT_TICK,7459,7487546,,,,7460,-
TRACE_LOG_QUEUE_SEND,7460,7488448,3ffbd2a0,3ffbd6cc,,,trace_lg
TRACE_LOG_QUEUE_SEND,7460,7488455,3ffbd2a0,3ffb68d4,,,trace_lg
TRACE_LOG_TASK_INCREMENT_TICK,7460,7488546,,,,7461,-
TRACE_LOG_TASK_INCREMENT_TICK,7461,7489546,,,,7462,-
TRACE_LOG_TASK_INCREMENT_TICK,7462,7490546,,,,7463,-
TRACE_LOG_QUEUE_SEND,7463,7491139,3ffbd2a0,3ffbd6cc,,,trace_lg
TRACE_LOG_QUEUE_SEND,7463,7491146,3ffbd2a0,3ffb68d4,,,trace_lg
TRACE_LOG_TASK_INCREMENT_TICK,7463,7491546,,,,7464,-
TRACE_LOG_TASK_INCREMENT_TICK,7464,7492546,,,,7465,-
TRACE_LOG_TASK_INCREMENT_TICK,7465,7493546,,,,7466,-
TRACE_LOG_QUEUE_SEND,7466,7493830,3ffbd2a0,3ffbd6cc,,,trace_lg
TRACE_LOG_QUEUE_SEND,7466,7493837,3ffbd2a0,3ffb68d4,,,trace_lg
TRACE_LOG_TASK_INCREMENT_TICK,7466,7494546,,,,7467,-
TRACE_LOG_TASK_INCREMENT_TICK,7467,7495546,,,,7468,-
TRACE_LOG_TASK_INCREMENT_TICK,7468,7496546,,,,7469,-
TRACE_LOG_TASK_INCREMENT_TICK,7469,7497546,,,,7470,-
TRACE_LOG_QUEUE_SEND,7470,7498344,3ffbd2a0,3ffbd6cc,,,trace_lg
TRACE_LOG_QUEUE_SEND,7470,7498351,3ffbd2a0,3ffb68d4,,,trace_lg
TRACE_LOG_TASK_INCREMENT_TICK,7470,7498546,,,,7471,-
TRACE_LOG_TASK_INCREMENT_TICK,7471,7499546,,,,7472,-
TRACE_LOG_TASK_INCREMENT_TICK,7472,7500546,,,,7473,-
TRACE_LOG_TASK_INCREMENT_TICK,7473,7501546,,,,7474,-
TRACE_LOG_TASK_INCREMENT_TICK,7474,7502546,,,,7475,-
TRACE_LOG_QUEUE_SEND,7475,7502858,3ffbd2a0,3ffbd6cc,,,trace_lg
TRACE_LOG_QUEUE_SEND,7475,7502865,3ffbd2a0,3ffb68d4,,,trace_lg
TRACE_LOG_TASK_INCREMENT_TICK,7475,7503546,,,,7476,-
TRACE_LOG_TASK_INCREMENT_TICK,7476,7504546,,,,7477,-
TRACE_LOG_TASK_INCREMENT_TICK,7477,7505546,,,,7478,-
TRACE_LOG_QUEUE_SEND,7478,7505551,3ffbd2a0,3ffbd6cc,,,trace_lg
TRACE_LOG_QUEUE_SEND,7478,7505559,3ffbd2a0,3ffb68d4,,,trace_lg
TRACE_LOG_TASK_INCREMENT_TICK,7478,7506546,,,,7479,-
TRACE_LOG_TASK_INCREMENT_TICK,7479,7507546,,,,7480,-
TRACE_LOG_QUEUE_SEND,7480,7508240,3ffbd2a0,3ffbd6cc,,,trace_lg
TRACE_LOG_QUEUE_SEND,7480,7508247,3ffbd2a0,3ffb68d4,,,trace_lg
TRACE_LOG_TASK_INCREMENT_TICK,7480,7508546,,,,7481,-
TRACE_LOG_TASK_INCREMENT_TICK,7481,7509546,,,,7482,-
TRACE_LOG_TASK_INCREMENT_TICK,7482,7510546,,,,7483,-
TRACE_LOG_TASK_INCREMENT_TICK,7483,7511546,,,,7484,-
TRACE_LOG_TASK_INCREMENT_TICK,7484,7512546,,,,7485,-
TRACE_LOG_QUEUE_SEND,7485,7512753,3ffbd2a0,3ffbd6cc,,,trace_lg
TRACE_LOG_QUEUE_SEND,7485,7512761,3ffbd2a0,3ffb68d4,,,trace_lg
TRACE_LOG_TASK_INCREMENT_TICK,7485,7513546,,,,7486,-
TRACE_LOG_TASK_INCREMENT_TICK,7486,7514546,,,,7487,-
TRACE_LOG_TASK_INCREMENT_TICK,7487,7515546,,,,7488,-
TRACE_LOG_QUEUE_SEND,8017,8044583,3ffbd2a0,3ffbd6cc,,,trace_lg
TRACE_LOG_QUEUE_SEND,8017,8044636,3ffbd2a0,3ffbd6cc,,,trace_lg
TRACE_LOG_QUEUE_SEND,8017,8044643,3ffbd2a0,3ffb68d4,,,trace_lg
TRACE_LOG_QUEUE_SEND,8017,8044734,3ffbd2a0,3ffbd6cc,,,trace_lg
TRACE_LOG_QUEUE_SEND,8017,8044741,3ffbd2a0,3ffb68d4,,,trace_lg
TRACE_LOG_TASK_INCREMENT_TICK,8017,8045546,,,,8018,-
TRACE_LOG_TASK_INCREMENT_TICK,8018,8046546,,,,8019,-
TRACE_LOG_QUEUE_SEND,8019,8046883,3ffbd2a0,3ffbd6cc,,,trace_lg
TRACE_LOG_QUEUE_SEND,8019,8046891,3ffbd2a0,3ffb68d4,,,trace_lg
TRACE_LOG_TASK_INCREMENT_TICK,8019,8047546,,,,8020,-
TRACE_LOG_TASK_INCREMENT_TICK,8020,8048546,,,,8021,-
TRACE_LOG_TASK_INCREMENT_TICK,8021,8049546,,,,8022,-
TRACE_LOG_TASK_INCREMENT_TICK,8022,8050546,,,,8023,-
TRACE_LOG_QUEUE_SEND,8023,8051397,3ffbd2a0,3ffbd6cc,,,trace_lg
TRACE_LOG_QUEUE_SEND,8023,8051405,3ffbd2a0,3ffb68d4,,,trace_lg
TRACE_LOG_TASK_INCREMENT_TICK,8023,8051546,,,,8024,-
TRACE_LOG_TASK_INCREMENT_TICK,8024,8052546,,,,8025,-
TRACE_LOG_TASK_INCREMENT_TICK,8025,8053546,,,,8026,-
TRACE_LOG_TASK_INCREMENT_TICK,8026,8054546,,,,8027,-
TRACE_LOG_TASK_INCREMENT_TICK,8027,8055546,,,,8028,-
TRACE_LOG_QUEUE_SEND,8028,8055911,3ffbd2a0,3ffbd6cc,,,trace_lg
TRACE_LOG_QUEUE_SEND,8028,8055918,3ffbd2a0,3ffb68d4,,,trace_lg
TRACE_LOG_TASK_INCREMENT_TICK,8028,8056546,,,,8029,-
TRACE_LOG_TASK_INCREMENT_TICK,8029,8057546,,,,8030,-
TRACE_LOG_TASK_INCREMENT_TICK,8030,8058546,,,,8031,-
TRACE_LOG_TASK_INCREMENT_TICK,8031,8059546,,,,8032,-
TRACE_LOG_QUEUE_SEND,8032,8060425,3ffbd2a0,3ffbd6cc,,,trace_lg
TRACE_LOG_QUEUE_SEND,8032,8060432,3ffbd2a0,3ffb68d4,,,trace_lg
TRACE_LOG_TASK_INCREMENT_TICK,8032,8060546,,,,8033,-
TRACE_LOG_TASK_INCREMENT_TICK,8033,8061546,,,,8034,-
TRACE_LOG_TASK_INCREMENT_TICK,8034,8062546,,,,8035,-
TRACE_LOG_QUEUE_SEND,8035,8063116,3ffbd2a0,3ffbd6cc,,,trace_lg
TRACE_LOG_QUEUE_SEND,8035,8063123,3ffbd2a0,3ffb68d4,,,trace_lg
TRACE_LOG_TASK_INCREMENT_TICK,8035,8063546,,,,8036,-
TRACE_LOG_TASK_INCREMENT_TICK,8036,8064546,,,,8037,-
TRACE_LOG_TASK_INCREMENT_TICK,8037,8065546,,,,8038,-
TRACE_LOG_QUEUE_SEND,8038,8065807,3ffbd2a0,3ffbd6cc,,,trace_lg
TRACE_LOG_QUEUE_SEND,8038,8065814,3ffbd2a0,3ffb68d4,,,trace_lg
TRACE_LOG_TASK_INCREMENT_TICK,8038,8066546,,,,8039,-
TRACE_LOG_TASK_INCREMENT_TICK,8039,8067546,,,,8040,-
TRACE_LOG_TASK_INCREMENT_TICK,8040,8068546,,,,8041,-
TRACE_LOG_TASK_INCREMENT_TICK,8041,8069546,,,,8042,-
TRACE_LOG_QUEUE_SEND,8042,8070321,3ffbd2a0,3ffbd6cc,,,trace_lg
TRACE_LOG_QUEUE_SEND,8042,8070328,3ffbd2a0,3ffb68d4,,,trace_lg
TRACE_LOG_TASK_INCREMENT_TICK,8042,8070546,,,,8043,-
TRACE_LOG_TASK_INCREMENT_TICK,8043,8071546,,,,8044,-
TRACE_LOG_TASK_INCREMENT_TICK,8044,8072546,,,,8045,-
TRACE_LOG_TASK_INCREMENT_TICK,8045,8073546,,,,8046,-
TRACE_LOG_TASK_INCREMENT_TICK,8046,8074546,,,,8047,-
TRACE_LOG_QUEUE_SEND,8047,8074834,3ffbd2a0,3ffbd6cc,,,trace_lg
TRACE_LOG_QUEUE_SEND,8047,8074842,3ffbd2a0,3ffb68d4,,,trace_lg
TRACE_LOG_TASK_INCREMENT_TICK,8047,8075546,,,,8048,-
TRACE_LOG_TASK_INCREMENT_TICK,8048,8076546,,,,8049,-
TRACE_LOG_QUEUE_SEND,8049,8077525,3ffbd2a0,3ffbd6cc,,,trace_lg
TRACE_LOG_QUEUE_SEND,8049,8077533,3ffbd2a0,3ffb68d4,,,trace_lg
TRACE_LOG_TASK_INCREMENT_TICK,8049,8077546,,,,8050,-
TRACE_LOG_TASK_INCREMENT_TICK,8050,8078546,,,,8051,-
TRACE_LOG_TASK_INCREMENT_TICK,8051,8079546,,,,8052,-
TRACE_LOG_QUEUE_SEND,8052,8080216,3ffbd2a0,3ffbd6cc,,,trace_lg
TRACE_LOG_QUEUE_SEND,8052,8080224,3ffbd2a0,3ffb68d4,,,trace_lg
TRACE_LOG_TASK_INCREMENT_TICK,8052,8080546,,,,8053,-
TRACE_LOG_TASK_INCREMENT_TICK,8053,8081546,,,,8054,-
TRACE_LOG_TASK_INCREMENT_TICK,8054,8082546,,,,8055,-
TRACE_LOG_QUEUE_SEND,8055,8082907,3ffbd2a0,3ffbd6cc,,,trace_lg
TRACE_LOG_QUEUE_SEND,8055,8082915,3ffbd2a0,3ffb68d4,,,trace_lg
TRACE_LOG_TASK_INCREMENT_TICK,8055,8083546,,,,8056,-
TRACE_LOG_TASK_INCREMENT_TICK,8056,8084546,,,,8057,-
TRACE_LOG_TASK_INCREMENT_TICK,8057,8085546,,,,8058,-
TRACE_LOG_QUEUE_SEND,8058,8085598,3ffbd2a0,3ffbd6cc,,,trace_lg
TRACE_LOG_QUEUE_SEND,8058,8085606,3ffbd2a0,3ffb68d4,,,trace_lg
TRACE_LOG_TASK_INCREMENT_TICK,8058,8086546,,,,8059,-
TRACE_LOG_TASK_INCREMENT_TICK,8059,8087546,,,,8060,-
TRACE_LOG_TASK_INCREMENT_TICK,8060,8088546,,,,8061,-
TRACE_LOG_TASK_INCREMENT_TICK,8061,8089546,,,,8062,-
TRACE_LOG_QUEUE_SEND,8062,8090112,3ffbd2a0,3ffbd6cc,,,trace_lg
TRACE_LOG_QUEUE_SEND,8062,8090120,3ffbd2a0,3ffb68d4,,,trace_lg
TRACE_LOG_TASK_INCREMENT_TICK,8062,8090546,,,,8063,-
TRACE_LOG_TASK_INCREMENT_TICK,8063,8091546,,,,8064,-
TRACE_LOG_TASK_INCREMENT_TICK,8064,8092546,,,,8065,-
TRACE_LOG_TASK_INCREMENT_TICK,8065,8093546,,,,8066,-
TRACE_LOG_TASK_INCREMENT_TICK,8066,8094546,,,,8067,-
TRACE_LOG_QUEUE_SEND,8067,8094626,3ffbd2a0,3ffbd6cc,,,trace_lg
TRACE_LOG_QUEUE_SEND,8067,8094633,3ffbd2a0,3ffb68d4,,,trace_lg
TRACE_LOG_TASK_INCREMENT_TICK,8067,8095546,,,,8068,-
TRACE_LOG_TASK_INCREMENT_TICK,8068,8096546,,,,8069,-
TRACE_LOG_QUEUE_SEND,8069,8097317,3ffbd2a0,3ffbd6cc,,,trace_lg
TRACE_LOG_QUEUE_SEND,8069,8097324,3ffbd2a0,3ffb68d4,,,trace_lg
TRACE_LOG_TASK_INCREMENT_TICK,8069,8097546,,,,8070,-
TRACE_LOG_TASK_INCREMENT_TICK,8070,8098546,,,,8071,-
TRACE_LOG_TASK_INCREMENT_TICK,8071,8099546,,,,8072,-
TRACE_LOG_QUEUE_SEND,8072,8100008,3ffbd2a0,3ffbd6cc,,,trace_lg
TRACE_LOG_QUEUE_SEND,8072,8100015,3ffbd2a0,3ffb68d4,,,trace_lg
TRACE_LOG_TASK_INCREMENT_TICK,8072,8100546,,,,8073,-
TRACE_LOG_TASK_INCREMENT_TICK,8073,8101546,,,,8074,-
TRACE_LOG_TASK_INCREMENT_TICK,8074,8102546,,,,8075,-
TRACE_LOG_QUEUE_SEND,8075,8102699,3ffbd2a0,3ffbd6cc,,,trace_lg
TRACE_LOG_QUEUE_SEND,8075,8102706,3ffbd2a0,3ffb68d4,,,trace_lg
TRACE_LOG_TASK_INCREMENT_TICK,8075,8103546,,,,8076,-
TRACE_LOG_TASK_INCREMENT_TICK,8076,8104546,,,,8077,-
TRACE_LOG_QUEUE_SEND,8077,8105390,3ffbd2a0,3ffbd6cc,,,trace_lg
TRACE_LOG_QUEUE_SEND,8077,8105397,3ffbd2a0,3ffb68d4,,,trace_lg
TRACE_LOG_TASK_INCREMENT_TICK,8077,8105546,,,,8078,-
TRACE_LOG_TASK_INCREMENT_TICK,8078,8106546,,,,8079,-
TRACE_LOG_TASK_INCREMENT_TICK,8079,8107546,,,,8080,-
TRACE_LOG_QUEUE_SEND,8080,8108081,3ffbd2a0,3ffbd6cc,,,trace_lg
TRACE_LOG_QUEUE_SEND,8080,8108088,3ffbd2a0,3ffb68d4,,,trace_lg
TRACE_LOG_QUEUE_SEND,8373,8401488,3ffbd2a0,3ffb68d4,,,trace_lg
TRACE_LOG_TASK_INCREMENT_TICK,8373,8401546,,,,8374,-
TRACE_LOG_TASK_INCREMENT_TICK,8374,8402546,,,,8375,-
TRACE_LOG_TASK_INCREMENT_TICK,8375,8403546,,,,8376,-
TRACE_LOG_TASK_INCREMENT_TICK,8376,8404546,,,,8377,-
TRACE_LOG_TASK_INCREMENT_TICK,8377,8405546,,,,8378,-
TRACE_LOG_QUEUE_SEND,8378,8405994,3ffbd2a0,3ffbd6cc,,,trace_lg
TRACE_LOG_QUEUE_SEND,8378,8406002,3ffbd2a0,3ffb68d4,,,trace_lg
TRACE_LOG_TASK_INCREMENT_TICK,8378,8406546,,,,8379,-
TRACE_LOG_TASK_INCREMENT_TICK,8379,8407546,,,,8380,-
TRACE_LOG_TASK_INCREMENT_TICK,8380,8408546,,,,8381,-
TRACE_LOG_QUEUE_SEND,8381,8408685,3ffbd2a0,3ffbd6cc,,,trace_lg
TRACE_LOG_QUEUE_SEND,8381,8408693,3ffbd2a0,3ffb68d4,,,trace_lg
TRACE_LOG_TASK_INCREMENT_TICK,8381,8409546,,,,8382,-
TRACE_LOG_TASK_INCREMENT_TICK,8382,8410546,,,,8383,-
TRACE_LOG_QUEUE_SEND,8383,8411376,3ffbd2a0,3ffbd6cc,,,trace_lg
TRACE_LOG_QUEUE_SEND,8383,8411384,3ffbd2a0,3ffb68d4,,,trace_lg
TRACE_LOG_TASK_INCREMENT_TICK,8383,8411546,,,,8384,-
TRACE_LOG_TASK_INCREMENT_TICK,8384,8412546,,,,8385,-
TRACE_LOG_TASK_INCREMENT_TICK,8385,8413546,,,,8386,-
TRACE_LOG_QUEUE_SEND,8386,8414067,3ffbd2a0,3ffbd6cc,,,trace_lg
TRACE_LOG_QUEUE_SEND,8386,8414075,3ffbd2a0,3ffb68d4,,,trace_lg
TRACE_LOG_TASK_INCREMENT_TICK,8386,8414546,,,,8387,-
TRACE_LOG_TASK_INCREMENT_TICK,8387,8415546,,,,8388,-
TRACE_LOG_TASK_INCREMENT_TICK,8388,8416546,,,,8389,-
TRACE_LOG_QUEUE_SEND,8389,8416758,3ffbd2a0,3ffbd6cc,,,trace_lg
TRACE_LOG_QUEUE_SEND,8389,8416765,3ffbd2a0,3ffb68d4,,,trace_lg
TRACE_LOG_TASK_INCREMENT_TICK,8389,8417546,,,,8390,-
TRACE_LOG_TASK_INCREMENT_TICK,8390,8418546,,,,8391,-
TRACE_LOG_QUEUE_SEND,8391,8419449,3ffbd2a0,3ffbd6cc,,,trace_lg
TRACE_LOG_QUEUE_SEND,8391,8419456,3ffbd2a0,3ffb68d4,,,trace_lg
TRACE_LOG_TASK_INCREMENT_TICK,8391,8419546,,,,8392,-
TRACE_LOG_TASK_INCREMENT_TICK,8392,8420546,,,,8393,-
TRACE_LOG_TASK_INCREMENT_TICK,8393,8421546,,,,8394,-
TRACE_LOG_TASK_INCREMENT_TICK,8394,8422546,,,,8395,-
TRACE_LOG_TASK_INCREMENT_TICK,8395,8423546,,,,8396,-
TRACE_LOG_QUEUE_SEND,8396,8423963,3ffbd2a0,3ffbd6cc,,,trace_lg
TRACE_LOG_QUEUE_SEND,8396,8423970,3ffbd2a0,3ffb68d4,,,trace_lg
TRACE_LOG_TASK_INCREMENT_TICK,8396,8424546,,,,8397,-
TRACE_LOG_TASK_INCREMENT_TICK,8397,8425546,,,,8398,-
TRACE_LOG_TASK_INCREMENT_TICK,8398,8426546,,,,8399,-
TRACE_LOG_TASK_INCREMENT_TICK,8399,8427546,,,,8400,-
TRACE_LOG_QUEUE_SEND,8400,8428477,3ffbd2a0,3ffbd6cc,,,trace_lg
TRACE_LOG_QUEUE_SEND,8400,8428484,3ffbd2a0,3ffb68d4,,,trace_lg
TRACE_LOG_TASK_INCREMENT_TICK,8400,8428546,,,,8401,-
TRACE_LOG_TASK_INCREMENT_TICK,8401,8429546,,,,8402,-
TRACE_LOG_TASK_INCREMENT_TICK,8402,8430546,,,,8403,-
TRACE_LOG_QUEUE_SEND,8403,8431168,3ffbd2a0,3ffbd6cc,,,trace_lg
TRACE_LOG_QUEUE_SEND,8403,8431175,3ffbd2a0,3ffb68d4,,,trace_lg
TRACE_LOG_TASK_INCREMENT_TICK,8403,8431546,,,,8404,-
TRACE_LOG_TASK_SWITCHED_OUT,8404,8431551,3ffbd2a0,,,,trace_lg
TRACE_LOG_TASK_SWITCHED_IN,8404,8431553,3ffbad08,,,,reciever
TRACE_LOG_QUEUE_RECEIVE,8404,8431557,3ffbad08,3ffbd72c,4294967295,,reciever
TRACE_LOG_TASK_DELAY_UNTIL,8404,8431560,3ffbad08,,,8504,reciever
TRACE_LOG_TASK_SWITCHED_OUT,8404,8431568,3ffbad08,,,,reciever
TRACE_LOG_TASK_SWITCHED_IN,8404,8431571,3ffbd2a0,,,,trace_lg
TRACE_LOG_TASK_INCREMENT_TICK,8404,8432546,,,,8405,-
TRACE_LOG_TASK_INCREMENT_TICK,8405,8433546,,,,8406,-
TRACE_LOG_QUEUE_SEND,8406,8433859,3ffbd2a0,3ffbd6cc,,,trace_lg
TRACE_LOG_QUEUE_SEND,8406,8433866,3ffbd2a0,3ffb68d4,,,trace_lg
TRACE_LOG_TASK_INCREMENT_TICK,8406,8434546,,,,8407,-
TRACE_LOG_TASK_INCREMENT_TICK,8407,8435546,,,,8408,-
TRACE_LOG_TASK_INCREMENT_TICK,8408,8436546,,,,8409,-
TRACE_LOG_TASK_SWITCHED_OUT,8409,8436552,3ffbd2a0,,,,trace_lg
TRACE_LOG_TASK_SWITCHED_IN,8409,8436554,3ffbd13c,,,,sender 3
TRACE_LOG_QUEUE_SEND,8409,8436575,3ffbd13c,3ffbd72c,,,sender 3
TRACE_LOG_TASK_DELAY_UNTIL,8409,8436579,3ffbd13c,,,8709,sender 3
TRACE_LOG_TASK_SWITCHED_OUT,8409,8436587,3ffbd13c,,,,sender 3
TRACE_LOG_TASK_SWITCHED_IN,8409,8436589,3ffbcfd8,,,,sender 2
TRACE_LOG_QUEUE_SEND_FAILED,8409,8436610,3ffbcfd8,3ffbd72c,,,sender 2
TRACE_LOG_TASK_DELAY_UNTIL,8409,8436613,3ffbcfd8,,,8609,sender 2
TRACE_LOG_TASK_SWITCHED_OUT,8409,8436621,3ffbcfd8,,,,sender 2
TRACE_LOG_TASK_SWITCHED_IN,8409,8436624,3ffbd2a0,,,,trace_lg
TRACE_LOG_QUEUE_SEND,8409,8436628,3ffbd2a0,3ffbd6cc,,,trace_lg
TRACE_LOG_QUEUE_SEND,8409,8436636,3ffbd2a0,3ffb68d4,,,trace_lg
TRACE_LOG_TASK_INCREMENT_TICK,8409,8437546,,,,8410,-
TRACE_LOG_TASK_INCREMENT_TICK,8410,8438546,,,,8411,-
TRACE_LOG_TASK_INCREMENT_TICK,8411,8439546,,,,8412,-
TRACE_LOG_TASK_INCREMENT_TICK,8412,8440546,,,,8413,-
TRACE_LOG_TASK_SWITCHED_OUT,8413,8440550,3ffbd2a0,,,,trace_lg
TRACE_LOG_TASK_SWITCHED_IN,8413,8440553,3ffbbe70,,,,sender 1
TRACE_LOG_QUEUE_SEND_FAILED,8413,8440574,3ffbbe70,3ffbd72c,,,sender 1
TRACE_LOG_TASK_DELAY_UNTIL,8413,8440577,3ffbbe70,,,8513,sender 1
TRACE_LOG_TASK_SWITCHED_OUT,8413,8440585,3ffbbe70,,,,sender 1
TRACE_LOG_TASK_SWITCHED_IN,8413,8440587,3ffbd2a0,,,,trace_lg
TRACE_LOG_QUEUE_SEND,8413,8441064,3ffbd2a0,3ffbd6cc,,,trace_lg
TRACE_LOG_QUEUE_SEND,8413,8441071,3ffbd2a0,3ffb68d4,,,trace_lg
TRACE_LOG_TASK_INCREMENT_TICK,8413,8441546,,,,8414,-
TRACE_LOG_TASK_INCREMENT_TICK,8414,8442546,,,,8415,-
TRACE_LOG_TASK_INCREMENT_TICK,8415,8443546,,,,8416,-
TRACE_LOG_TASK_INCREMENT_TICK,8416,8444546,,,,8417,-
TRACE_LOG_TASK_INCREMENT_TICK,8417,8445546,,,,8418,-
TRACE_LOG_QUEUE_SEND,8418,8445577,3ffbd2a0,3ffbd6cc,,,trace_lg
TRACE_LOG_QUEUE_SEND,8418,8445585,3ffbd2a0,3ffb68d4,,,trace_lg
TRACE_LOG_TASK_INCREMENT_TICK,8418,8446546,,,,8419,-
TRACE_LOG_TASK_INCREMENT_TICK,8419,8447546,,,,8420,-
TRACE_LOG_QUEUE_SEND,8420,8448268,3ffbd2a0,3ffbd6cc,,,trace_lg
TRACE_LOG_QUEUE_SEND,8420,8448276,3ffbd2a0,3ffb68d4,,,trace_lg
TRACE_LOG_TASK_INCREMENT_TICK,8718,8746546,,,,8719,-
TRACE_LOG_TASK_INCREMENT_TICK,8719,8747546,,,,8720,-
TRACE_LOG_QUEUE_SEND,8720,8748005,3ffbd2a0,3ffbd6cc,,,trace_lg
TRACE_LOG_QUEUE_SEND,8720,8748012,3ffbd2a0,3ffb68d4,,,trace_lg
TRACE_LOG_TASK_INCREMENT_TICK,8720,8748546,,,,8721,-
TRACE_LOG_TASK_INCREMENT_TICK,8721,8749546,,,,8722,-
TRACE_LOG_TASK_INCREMENT_TICK,8722,8750546,,,,8723,-
TRACE_LOG_QUEUE_SEND,8723,8750696,3ffbd2a0,3ffbd6cc,,,trace_lg
TRACE_LOG_QUEUE_SEND,8723,8750703,3ffbd2a0,3ffb68d4,,,trace_lg
TRACE_LOG_TASK_INCREMENT_TICK,8723,8751546,,,,8724,-
TRACE_LOG_TASK_INCREMENT_TICK,8724,8752546,,,,8725,-
TRACE_LOG_QUEUE_SEND,8725,8753387,3ffbd2a0,3ffbd6cc,,,trace_lg
TRACE_LOG_QUEUE_SEND,8725,8753394,3ffbd2a0,3ffb68d4,,,trace_lg
TRACE_LOG_TASK_INCREMENT_TICK,8725,8753546,,,,8726,-
TRACE_LOG_TASK_INCREMENT_TICK,8726,8754546,,,,8727,-
TRACE_LOG_TASK_INCREMENT_TICK,8727,8755546,,,,8728,-
TRACE_LOG_TASK_INCREMENT_TICK,8728,8756546,,,,8729,-
TRACE_LOG_TASK_INCREMENT_TICK,8729,8757546,,,,8730,-
TRACE_LOG_QUEUE_SEND,8730,8757901,3ffbd2a0,3ffbd6cc,,,trace_lg
TRACE_LOG_QUEUE_SEND,8730,8757908,3ffbd2a0,3ffb68d4,,,trace_lg
TRACE_LOG_TASK_INCREMENT_TICK,8730,8758546,,,,8731,-
TRACE_LOG_TASK_INCREMENT_TICK,8731,8759546,,,,8732,-
TRACE_LOG_TASK_INCREMENT_TICK,8732,8760546,,,,8733,-
TRACE_LOG_TASK_INCREMENT_TICK,8733,8761546,,,,8734,-
TRACE_LOG_QUEUE_SEND,8734,8762415,3ffbd2a0,3ffbd6cc,,,trace_lg
TRACE_LOG_QUEUE_SEND,8734,8762422,3ffbd2a0,3ffb68d4,,,trace_lg
TRACE_LOG_TASK_INCREMENT_TICK,8734,8762546,,,,8735,-
TRACE_LOG_TASK_INCREMENT_TICK,8735,8763546,,,,8736,-
TRACE_LOG_TASK_INCREMENT_TICK,8736,8764546,,,,8737,-
TRACE_LOG_QUEUE_SEND,8737,8765105,3ffbd2a0,3ffbd6cc,,,trace_lg
TRACE_LOG_QUEUE_SEND,8737,8765113,3ffbd2a0,3ffb68d4,,,trace_lg
TRACE_LOG_TASK_INCREMENT_TICK,8737,8765546,,,,8738,-
TRACE_LOG_TASK_INCREMENT_TICK,8738,8766546,,,,8739,-
TRACE_LOG_TASK_INCREMENT_TICK,8739,8767546,,,,8740,-
TRACE_LOG_QUEUE_SEND,8740,8767796,3ffbd2a0,3ffbd6cc,,,trace_lg
TRACE_LOG_QUEUE_SEND,8740,8767804,3ffbd2a0,3ffb68d4,,,trace_lg
TRACE_LOG_TASK_INCREMENT_TICK,8740,8768546,,,,8741,-
TRACE_LOG_TASK_INCREMENT_TICK,8741,8769546,,,,8742,-
TRACE_LOG_QUEUE_SEND,8742,8770487,3ffbd2a0,3ffbd6cc,,,trace_lg
TRACE_LOG_QUEUE_SEND,8742,8770495,3ffbd2a0,3ffb68d4,,,trace_lg
TRACE_LOG_TASK_INCREMENT_TICK,8742,8770546,,,,8743,-
TRACE_LOG_TASK_INCREMENT_TICK,8743,8771546,,,,8744,-
TRACE_LOG_TASK_INCREMENT_TICK,8744,8772546,,,,8745,-
TRACE_LOG_TASK_INCREMENT_TICK,8745,8773546,,,,8746,-
TRACE_LOG_TASK_INCREMENT_TICK,8746,8774546,,,,8747,-
TRACE_LOG_QUEUE_SEND,8747,8775001,3ffbd2a0,3ffbd6cc,,,trace_lg
TRACE_LOG_QUEUE_SEND,8747,8775008,3ffbd2a0,3ffb68d4,,,trace_lg
TRACE_LOG_TASK_INCREMENT_TICK,8747,8775546,,,,8748,-
TRACE_LOG_TASK_INCREMENT_TICK,8748,8776546,,,,8749,-
TRACE_LOG_TASK_INCREMENT_TICK,8749,8777546,,,,8750,-
TRACE_LOG_TASK_INCREMENT_TICK,8750,8778546,,,,8751,-
TRACE_LOG_QUEUE_SEND,8751,8779515,3ffbd2a0,3ffbd6cc,,,trace_lg
TRACE_LOG_QUEUE_SEND,8751,8779522,3ffbd2a0,3ffb68d4,,,trace_lg
TRACE_LOG_TASK_INCREMENT_TICK,8751,8779546,,,,8752,-
TRACE_LOG_TASK_INCREMENT_TICK,8752,8780546,,,,8753,-
TRACE_LOG_TASK_INCREMENT_TICK,8753,8781546,,,,8754,-
TRACE_LOG_QUEUE_SEND,8754,8782206,3ffbd2a0,3ffbd6cc,,,trace_lg
TRACE_LOG_QUEUE_SEND,8754,8782213,3ffbd2a0,3ffb68d4,,,trace_lg
TRACE_LOG_TASK_INCREMENT_TICK,8754,8782546,,,,8755,-
TRACE_LOG_TASK_INCREMENT_TICK,8755,8783546,,,,8756,-
TRACE_LOG_TASK_INCREMENT_TICK,8756,8784546,,,,8757,-
TRACE_LOG_QUEUE_SEND,8757,8784897,3ffbd2a0,3ffbd6cc,,,trace_lg
TRACE_LOG_QUEUE_SEND,8757,8784904,3ffbd2a0,3ffb68d4,,,trace_lg
TRACE_LOG_TASK_INCREMENT_TICK,8757,8785546,,,,8758,-
TRACE_LOG_TASK_INCREMENT_TICK,8758,8786546,,,,8759,-
TRACE_LOG_TASK_INCREMENT_TICK,8759,8787546,,,,8760,-
TRACE_LOG_TASK_INCREMENT_TICK,8760,8788546,,,,8761,-
TRACE_LOG_QUEUE_SEND,8761,8789411,3ffbd2a0,3ffbd6cc,,,trace_lg
TRACE_LOG_QUEUE_SEND,8761,8789418,3ffbd2a0,3ffb68d4,,,trace_lg
TRACE_LOG_TASK_INCREMENT_TICK,8761,8789546,,,,8762,-
TRACE_LOG_TASK_INCREMENT_TICK,8762,8790546,,,,8763,-
TRACE_LOG_TASK_INCREMENT_TICK,8763,8791546,,,,8764,-
TRACE_LOG_TASK_INCREMENT_TICK,8764,8792546,,,,8765,-
TRACE_LOG_TASK_INCREMENT_TICK,8765,8793546,,,,8766,-
TRACE_LOG_QUEUE_SEND,8766,8793924,3ffbd2a0,3ffbd6cc,,,trace_lg
TRACE_LOG_QUEUE_SEND,8766,8793932,3ffbd2a0,3ffb68d4,,,trace_lg
TRACE_LOG_TASK_INCREMENT_TICK,8766,8794546,,,,8767,-
TRACE_LOG_TASK_INCREMENT_TICK,8767,8795546,,,,8768,-
TRACE_LOG_TASK_INCREMENT_TICK,8768,8796546,,,,8769,-
TRACE_LOG_QUEUE_SEND,8769,8796616,3ffbd2a0,3ffbd6cc,,,trace_lg
TRACE_LOG_QUEUE_SEND,8769,8796623,3ffbd2a0,3ffb68d4,,,trace_lg
TRACE_LOG_TASK_INCREMENT_TICK,8769,8797546,,,,8770,-
TRACE_LOG_TASK_INCREMENT_TICK,8770,8798546,,,,8771,-
TRACE_LOG_QUEUE_SEND,8771,8799306,3ffbd2a0,3ffbd6cc,,,trace_lg
TRACE_LOG_QUEUE_SEND,8771,8799314,3ffbd2a0,3ffb68d4,,,trace_lg
TRACE_LOG_TASK_INCREMENT_TICK,8771,8799546,,,,8772,-
TRACE_LOG_TASK_INCREMENT_TICK,8772,8800546,,,,8773,-
TRACE_LOG_TASK_INCREMENT_TICK,8773,8801546,,,,8774,-
TRACE_LOG_QUEUE_SEND,8774,8801997,3ffbd2a0,3ffbd6cc,,,trace_lg
TRACE_LOG_QUEUE_SEND,8774,8802005,3ffbd2a0,3ffb68d4,,,trace_lg
TRACE_LOG_TASK_INCREMENT_TICK,8774,8802546,,,,8775,-
TRACE_LOG_TASK_INCREMENT_TICK,8775,8803546,,,,8776,-
TRACE_LOG_TASK_INCREMENT_TICK,8776,8804546,,,,8777,-
TRACE_LOG_QUEUE_SEND,8777,8804688,3ffbd2a0,3ffbd6cc,,,trace_lg
TRACE_LOG_QUEUE_SEND,8777,8804696,3ffbd2a0,3ffb68d4,,,trace_lg
TRACE_LOG_TASK_INCREMENT_TICK,8777,8805546,,,,8778,-
TRACE_LOG_TASK_INCREMENT_TICK,8778,8806546,,,,8779,-
TRACE_LOG_QUEUE_SEND,8779,8807379,3ffbd2a0,3ffbd6cc,,,trace_lg
TRACE_LOG_QUEUE_SEND,8779,8807387,3ffbd2a0,3ffb68d4,,,trace_lg
TRACE_LOG_TASK_INCREMENT_TICK,8779,8807546,,,,8780,-
TRACE_LOG_TASK_INCREMENT_TICK,8780,8808546,,,,8781,-
TRACE_LOG_TASK_INCREMENT_TICK,8781,8809546,,,,8782,-
TRACE_LOG_TASK_INCREMENT_TICK,8782,8810546,,,,8783,-
TRACE_LOG_TASK_INCREMENT_TICK,8783,8811546,,,,8784,-
TRACE_LOG_QUEUE_SEND,8784,8811893,3ffbd2a0,3ffbd6cc,,,trace_lg
TRACE_LOG_TASK_INCREMENT_TICK,9073,9101546,,,,9074,-
TRACE_LOG_QUEUE_SEND,9074,9101647,3ffbd2a0,3ffbd6cc,,,trace_lg
TRACE_LOG_QUEUE_SEND,9074,9101655,3ffbd2a0,3ffb68d4,,,trace_lg
TRACE_LOG_TASK_INCREMENT_TICK,9074,9102546,,,,9075,-
TRACE_LOG_TASK_INCREMENT_TICK,9075,9103546,,,,9076,-
TRACE_LOG_QUEUE_SEND,9076,9104338,3ffbd2a0,3ffbd6cc,,,trace_lg
TRACE_LOG_QUEUE_SEND,9076,9104345,3ffbd2a0,3ffb68d4,,,trace_lg
TRACE_LOG_TASK_INCREMENT_TICK,9076,9104546,,,,9077,-
TRACE_LOG_TASK_INCREMENT_TICK,9077,9105546,,,,9078,-
TRACE_LOG_TASK_INCREMENT_TICK,9078,9106546,,,,9079,-
TRACE_LOG_TASK_INCREMENT_TICK,9079,9107546,,,,9080,-
TRACE_LOG_TASK_INCREMENT_TICK,9080,9108546,,,,9081,-
TRACE_LOG_QUEUE_SEND,9081,9108852,3ffbd2a0,3ffbd6cc,,,trace_lg
TRACE_LOG_QUEUE_SEND,9081,9108859,3ffbd2a0,3ffb68d4,,,trace_lg
TRACE_LOG_TASK_INCREMENT_TICK,9081,9109546,,,,9082,-
TRACE_LOG_TASK_INCREMENT_TICK,9082,9110546,,,,9083,-
TRACE_LOG_TASK_INCREMENT_TICK,9083,9111546,,,,9084,-
TRACE_LOG_TASK_INCREMENT_TICK,9084,9112546,,,,9085,-
TRACE_LOG_QUEUE_SEND,9085,9113366,3ffbd2a0,3ffbd6cc,,,trace_lg
TRACE_LOG_QUEUE_SEND,9085,9113373,3ffbd2a0,3ffb68d4,,,trace_lg
TRACE_LOG_TASK_INCREMENT_TICK,9085,9113546,,,,9086,-
TRACE_LOG_TASK_INCREMENT_TICK,9086,9114546,,,,9087,-
TRACE_LOG_TASK_INCREMENT_TICK,9087,9115546,,,,9088,-
TRACE_LOG_QUEUE_SEND,9088,9116057,3ffbd2a0,3ffbd6cc,,,trace_lg
TRACE_LOG_QUEUE_SEND,9088,9116064,3ffbd2a0,3ffb68d4,,,trace_lg
TRACE_LOG_TASK_INCREMENT_TICK,9088,9116546,,,,9089,-
TRACE_LOG_TASK_INCREMENT_TICK,9089,9117546,,,,9090,-
TRACE_LOG_TASK_INCREMENT_TICK,9090,9118546,,,,9091,-
TRACE_LOG_QUEUE_SEND,9091,9118748,3ffbd2a0,3ffbd6cc,,,trace_lg
TRACE_LOG_QUEUE_SEND,9091,9118755,3ffbd2a0,3ffb68d4,,,trace_lg
TRACE_LOG_TASK_INCREMENT_TICK,9091,9119546,,,,9092,-
TRACE_LOG_TASK_INCREMENT_TICK,9092,9120546,,,,9093,-
TRACE_LOG_TASK_INCREMENT_TICK,9093,9121546,,,,9094,-
TRACE_LOG_TASK_INCREMENT_TICK,9094,9122546,,,,9095,-
TRACE_LOG_QUEUE_SEND,9095,9123262,3ffbd2a0,3ffbd6cc,,,trace_lg
TRACE_LOG_QUEUE_SEND,9095,9123269,3ffbd2a0,3ffb68d4,,,trace_lg
TRACE_LOG_TASK_INCREMENT_TICK,9095,9123546,,,,9096,-
