Executing action: monitor
Serial port /dev/ttyUSB0
Connecting....
Detecting chip type... ESP32
Running idf_monitor in directory /home/miguel/RTOS/RTOS_2526_LabWork/RTOSExercise
Executing "/home/miguel/.espressif/python_env/idf5.5_py3.9_env/bin/python /home/miguel/RTOS/RTOS_2526_LabWork/RTOSExercise/esp/esp-idf/tools/idf_monitor.py -p /dev/ttyUSB0 -b 115200 --toolchain-prefix xtensa-esp32-elf- --target esp32 --revision 100 /home/miguel/RTOS/RTOS_2526_LabWork/RTOSExercise/build/main.elf /home/miguel/RTOS/RTOS_2526_LabWork/RTOSExercise/build/bootloader/bootloader.elf -m '/home/miguel/.espressif/python_env/idf5.5_py3.9_env/bin/python' '/home/miguel/RTOS/RTOS_2526_LabWork/RTOSExercise/esp/esp-idf/tools/idf.py'"...
[0;32mI (9) boot: ESP-IDF v5.5.1-dirty 2nd stage bootloader[0m
[0;32mI (9) boot: compile time Dec  6 2025 18:43:37[0m
[0;33mW (9) boot: Unicore bootloader[0m
[0;32mI (10) boot: chip revision: v1.0[0m
[0;32mI (13) boot.esp32: SPI Speed      : 80MHz[0m
[0;32mI (16) boot.esp32: SPI Mode       : DIO[0m
[0;32mI (20) boot.esp32: SPI Flash Size : 4MB[0m
[0;32mI (24) boot: Enabling RNG early entropy source...[0m
[0;32mI (28) boot: Partition Table:[0m
[0;32mI (31) boot: ## Label            Usage          Type ST Offset   Length[0m
[0;32mI (37) boot:  0 nvs              WiFi data        01 02 00009000 00006000[0m
[0;32mI (43) boot:  1 phy_init         RF data          01 01 0000f000 00001000[0m
[0;32mI (50) boot:  2 factory          factory app      00 00 00010000 00177000[0m
[0;32mI (57) boot: End of partition table[0m
[0;32mI (60) esp_image: segment 0: paddr=00010020 vaddr=3f400020 size=0fed0h ( 65232) map[0m
[0;32mI (86) esp_image: segment 1: paddr=0001fef8 vaddr=3ffbdb60 size=00120h (   288) load[0m
[0;32mI (86) esp_image: segment 2: paddr=00020020 vaddr=400d0020 size=2e814h (190484) map[0m
[0;32mI (143) esp_image: segment 3: paddr=0004e83c vaddr=3ffbdc80 size=031ech ( 12780) load[0m
[0;32mI (147) esp_image: segment 4: paddr=00051a30 vaddr=40080000 size=1acc0h (109760) load[0m
[0;32mI (184) esp_image: segment 5: paddr=0006c6f8 vaddr=50000000 size=00024h (    36) load[0m
[0;32mI (197) boot: Loaded app from partition at offset 0x10000[0m
[0;32mI (197) boot: Disabling RNG early entropy source...[0m
[0;32mI (207) cpu_start: Unicore app[0m
[0;32mI (207) cpu_start: Single core mode[0m
[0;32mI (271) cpu_start: Pro cpu start user code[0m
[0;32mI (271) cpu_start: cpu freq: 240000000 Hz[0m
[0;32mI (271) app_init: Application information:[0m
[0;32mI (274) app_init: Project name:     main[0m
[0;32mI (278) app_init: App version:      1827699-dirty[0m
[0;32mI (284) app_init: Compile time:     Dec 14 2025 15:17:33[0m
[0;32mI (290) app_init: ELF file SHA256:  061a023ecccdeb8d...[0m
[0;32mI (295) app_init: ESP-IDF:          v5.5.1-dirty[0m
[0;32mI (301) efuse_init: Min chip rev:     v1.0[0m
[0;32mI (306) efuse_init: Max chip rev:     v3.99 [0m
[0;32mI (310) efuse_init: Chip rev:         v1.0[0m
[0;32mI (316) heap_init: Initializing. RAM available for dynamic allocation:[0m
[0;32mI (323) heap_init: At 3FFAFF10 len 000000F0 (0 KiB): DRAM[0m
[0;32mI (329) heap_init: At 3FFB6388 len 00001C78 (7 KiB): DRAM[0m
[0;32mI (335) heap_init: At 3FFB9A20 len 00004108 (16 KiB): DRAM[0m
[0;32mI (341) heap_init: At 3FFC8278 len 00017D88 (95 KiB): DRAM[0m
[0;32mI (347) heap_init: At 3FFE0440 len 0001FBC0 (126 KiB): D/IRAM[0m
[0;32mI (353) heap_init: At 40078000 len 00008000 (32 KiB): IRAM[0m
[0;32mI (360) heap_init: At 4009ACC0 len 00005340 (20 KiB): IRAM[0m
[0;32mI (366) heap_init: At 3FF80000 len 00002000 (8 KiB): RTCRAM[0m
[0;32mI (373) spi_flash: detected chip: gd[0m
[0;32mI (376) spi_flash: flash io: dio[0m
[0;32mI (381) coexist: coex firmware version: b0bcc39[0m
[0;32mI (386) main_task: Started on CPU0[0m
[0;32mI (390) main_task: Calling app_main()[0m
[0;32mI (394) app_main: Starting scheduler from app_main()[0m
[0;32mI (400) vPrinter: Initializing reciever[0m
[0;32mI (404) vPrinter: Reciever initialized[0m
[0;32mI (408) vPrint1: Initializing printer1[0m
[0;32mI (413) vPrinter: Printer1 initialized[0m
[0;32mI (417) vTraceLogger: Trace logger task started[0m
[0;32mI (422) vPrinter: Log count: 0[0m

========== TRACE LOG (2421 entries) ==========
qs 2017 2044597 0x3ffbd2a0 0x3ffbd6cc 0 - trace_lg
qs 2017 2044650 0x3ffbd2a0 0x3ffbd6cc 0 - trace_lg
qs 2017 2044658 0x3ffbd2a0 0x3ffb68d4 0 - trace_lg
qs 2017 2044818 0x3ffbd2a0 0x3ffbd6cc 0 - trace_lg
qs 2017 2044825 0x3ffbd2a0 0x3ffb68d4 0 - trace_lg
t+ 2017 2045546 - - - 2018 - 
t+ 2018 2046546 - - - 2019 - 
qs 2019 2046810 0x3ffbd2a0 0x3ffbd6cc 0 - trace_lg
qs 2019 2046817 0x3ffbd2a0 0x3ffb68d4 0 - trace_lg
t+ 2019 2047546 - - - 2020 - 
t+ 2020 2048546 - - - 2021 - 
t+ 2021 2049546 - - - 2022 - 
t+ 2022 2050546 - - - 2023 - 
qs 2023 2051324 0x3ffbd2a0 0x3ffbd6cc 0 - trace_lg
qs 2023 2051331 0x3ffbd2a0 0x3ffb68d4 0 - trace_lg
t+ 2023 2051546 - - - 2024 - 
t+ 2024 2052546 - - - 2025 - 
t+ 2025 2053546 - - - 2026 - 
t+ 2026 2054546 - - - 2027 - 
t+ 2027 2055546 - - - 2028 - 
qs 2028 2055838 0x3ffbd2a0 0x3ffbd6cc 0 - trace_lg
qs 2028 2055845 0x3ffbd2a0 0x3ffb68d4 0 - trace_lg
t+ 2028 2056546 - - - 2029 - 
t+ 2029 2057546 - - - 2030 - 
t+ 2030 2058546 - - - 2031 - 
t+ 2031 2059546 - - - 2032 - 
qs 2032 2060352 0x3ffbd2a0 0x3ffbd6cc 0 - trace_lg
qs 2032 2060359 0x3ffbd2a0 0x3ffb68d4 0 - trace_lg
t+ 2032 2060546 - - - 2033 - 
t+ 2033 2061546 - - - 2034 - 
t+ 2034 2062546 - - - 2035 - 
qs 2035 2063042 0x3ffbd2a0 0x3ffbd6cc 0 - trace_lg
qs 2035 2063050 0x3ffbd2a0 0x3ffb68d4 0 - trace_lg
t+ 2035 2063546 - - - 2036 - 
t+ 2036 2064546 - - - 2037 - 
t+ 2037 2065546 - - - 2038 - 
qs 2038 2065733 0x3ffbd2a0 0x3ffbd6cc 0 - trace_lg
qs 2038 2065741 0x3ffbd2a0 0x3ffb68d4 0 - trace_lg
t+ 2038 2066546 - - - 2039 - 
t+ 2039 2067546 - - - 2040 - 
t+ 2040 2068546 - - - 2041 - 
t+ 2041 2069546 - - - 2042 - 
qs 2042 2070247 0x3ffbd2a0 0x3ffbd6cc 0 - trace_lg
qs 2042 2070255 0x3ffbd2a0 0x3ffb68d4 0 - trace_lg
t+ 2042 2070546 - - - 2043 - 
t+ 2043 2071546 - - - 2044 - 
t+ 2044 2072546 - - - 2045 - 
t+ 2045 2073546 - - - 2046 - 
t+ 2046 2074546 - - - 2047 - 
qs 2047 2074761 0x3ffbd2a0 0x3ffbd6cc 0 - trace_lg
qs 2047 2074769 0x3ffbd2a0 0x3ffb68d4 0 - trace_lg
t+ 2047 2075546 - - - 2048 - 
t+ 2048 2076546 - - - 2049 - 
qs 2049 2077452 0x3ffbd2a0 0x3ffbd6cc 0 - trace_lg
qs 2049 2077459 0x3ffbd2a0 0x3ffb68d4 0 - trace_lg
t+ 2049 2077546 - - - 2050 - 
t+ 2050 2078546 - - - 2051 - 
t+ 2051 2079546 - - - 2052 - 
qs 2052 2080143 0x3ffbd2a0 0x3ffbd6cc 0 - trace_lg
qs 2052 2080150 0x3ffbd2a0 0x3ffb68d4 0 - trace_lg
t+ 2052 2080546 - - - 2053 - 
t+ 2053 2081546 - - - 2054 - 
t+ 2054 2082546 - - - 2055 - 
qs 2055 2082834 0x3ffbd2a0 0x3ffbd6cc 0 - trace_lg
qs 2055 2082841 0x3ffbd2a0 0x3ffb68d4 0 - trace_lg
t+ 2055 2083546 - - - 2056 - 
t+ 2056 2084546 - - - 2057 - 
qs 2057 2085525 0x3ffbd2a0 0x3ffbd6cc 0 - trace_lg
qs 2057 2085532 0x3ffbd2a0 0x3ffb68d4 0 - trace_lg
t+ 2057 2085546 - - - 2058 - 
t+ 2058 2086546 - - - 2059 - 
t+ 2059 2087546 - - - 2060 - 
t+ 2060 2088546 - - - 2061 - 
t+ 2061 2089546 - - - 2062 - 
qs 2062 2090039 0x3ffbd2a0 0x3ffbd6cc 0 - trace_lg
qs 2062 2090046 0x3ffbd2a0 0x3ffb68d4 0 - trace_lg
t+ 2062 2090546 - - - 2063 - 
t+ 2063 2091546 - - - 2064 - 
t+ 2064 2092546 - - - 2065 - 
t+ 2065 2093546 - - - 2066 - 
t+ 2066 2094546 - - - 2067 - 
qs 2067 2094553 0x3ffbd2a0 0x3ffbd6cc 0 - trace_lg
qs 2067 2094560 0x3ffbd2a0 0x3ffb68d4 0 - trace_lg
t+ 2067 2095546 - - - 2068 - 
t+ 2068 2096546 - - - 2069 - 
qs 2069 2097243 0x3ffbd2a0 0x3ffbd6cc 0 - trace_lg
qs 2069 2097251 0x3ffbd2a0 0x3ffb68d4 0 - trace_lg
t+ 2069 2097546 - - - 2070 - 
t+ 2070 2098546 - - - 2071 - 
t+ 2071 2099546 - - - 2072 - 
qs 2072 2099934 0x3ffbd2a0 0x3ffbd6cc 0 - trace_lg
qs 2072 2099942 0x3ffbd2a0 0x3ffb68d4 0 - trace_lg
t+ 2072 2100546 - - - 2073 - 
t+ 2073 2101546 - - - 2074 - 
t+ 2074 2102546 - - - 2075 - 
qs 2075 2102626 0x3ffbd2a0 0x3ffbd6cc 0 - trace_lg
qs 2075 2102633 0x3ffbd2a0 0x3ffb68d4 0 - trace_lg
t+ 2075 2103546 - - - 2076 - 
t+ 2076 2104546 - - - 2077 - 
qs 2077 2105316 0x3ffbd2a0 0x3ffbd6cc 0 - trace_lg
qs 2077 2105324 0x3ffbd2a0 0x3ffb68d4 0 - trace_lg
t+ 2077 2105546 - - - 2078 - 
t+ 2078 2106546 - - - 2079 - 
t+ 2079 2107546 - - - 2080 - 
qs 2080 2108007 0x3ffbd2a0 0x3ffbd6cc 0 - trace_lg
qs 2080 2108015 0x3ffbd2a0 0x3ffb68d4 0 - trace_lg
qs 2373 2401414 0x3ffbd2a0 0x3ffb68d4 0 - trace_lg
t+ 2373 2401546 - - - 2374 - 
t+ 2374 2402546 - - - 2375 - 
t+ 2375 2403546 - - - 2376 - 
t+ 2376 2404546 - - - 2377 - 
t+ 2377 2405546 - - - 2378 - 
qs 2378 2405921 0x3ffbd2a0 0x3ffbd6cc 0 - trace_lg
qs 2378 2405928 0x3ffbd2a0 0x3ffb68d4 0 - trace_lg
t+ 2378 2406546 - - - 2379 - 
t+ 2379 2407546 - - - 2380 - 
t+ 2380 2408546 - - - 2381 - 
qs 2381 2408612 0x3ffbd2a0 0x3ffbd6cc 0 - trace_lg
qs 2381 2408619 0x3ffbd2a0 0x3ffb68d4 0 - trace_lg
t+ 2381 2409546 - - - 2382 - 
t+ 2382 2410546 - - - 2383 - 
qs 2383 2411303 0x3ffbd2a0 0x3ffbd6cc 0 - trace_lg
qs 2383 2411310 0x3ffbd2a0 0x3ffb68d4 0 - trace_lg
t+ 2383 2411546 - - - 2384 - 
t+ 2384 2412546 - - - 2385 - 
t+ 2385 2413546 - - - 2386 - 
qs 2386 2413994 0x3ffbd2a0 0x3ffbd6cc 0 - trace_lg
qs 2386 2414001 0x3ffbd2a0 0x3ffb68d4 0 - trace_lg
t+ 2386 2414546 - - - 2387 - 
t+ 2387 2415546 - - - 2388 - 
t+ 2388 2416546 - - - 2389 - 
qs 2389 2416685 0x3ffbd2a0 0x3ffbd6cc 0 - trace_lg
qs 2389 2416692 0x3ffbd2a0 0x3ffb68d4 0 - trace_lg
t+ 2389 2417546 - - - 2390 - 
t+ 2390 2418546 - - - 2391 - 
qs 2391 2419376 0x3ffbd2a0 0x3ffbd6cc 0 - trace_lg
qs 2391 2419383 0x3ffbd2a0 0x3ffb68d4 0 - trace_lg
t+ 2391 2419546 - - - 2392 - 
t+ 2392 2420546 - - - 2393 - 
t+ 2393 2421546 - - - 2394 - 
t+ 2394 2422546 - - - 2395 - 
t+ 2395 2423546 - - - 2396 - 
qs 2396 2423890 0x3ffbd2a0 0x3ffbd6cc 0 - trace_lg
qs 2396 2423897 0x3ffbd2a0 0x3ffb68d4 0 - trace_lg
t+ 2396 2424546 - - - 2397 - 
t+ 2397 2425546 - - - 2398 - 
t+ 2398 2426546 - - - 2399 - 
t+ 2399 2427546 - - - 2400 - 
qs 2400 2428403 0x3ffbd2a0 0x3ffbd6cc 0 - trace_lg
qs 2400 2428411 0x3ffbd2a0 0x3ffb68d4 0 - trace_lg
t+ 2400 2428546 - - - 2401 - 
t+ 2401 2429546 - - - 2402 - 
t+ 2402 2430546 - - - 2403 - 
qs 2403 2431094 0x3ffbd2a0 0x3ffbd6cc 0 - trace_lg
qs 2403 2431102 0x3ffbd2a0 0x3ffb68d4 0 - trace_lg
t+ 2403 2431546 - - - 2404 - 
to 2404 2431551 0x3ffbd2a0 - - - trace_lg 
ti 2404 2431553 0x3ffbad08 - - - reciever 
qr 2404 2431557 0x3ffbad08 0x3ffbd72c 4294967295 - reciever
tsu 2404 2431560 0x3ffbad08 - - 2504 reciever 
to 2404 2431568 0x3ffbad08 - - - reciever 
ti 2404 2431571 0x3ffbd2a0 - - - trace_lg 
t+ 2404 2432546 - - - 2405 - 
t+ 2405 2433546 - - - 2406 - 
qs 2406 2433785 0x3ffbd2a0 0x3ffbd6cc 0 - trace_lg
qs 2406 2433793 0x3ffbd2a0 0x3ffb68d4 0 - trace_lg
t+ 2406 2434546 - - - 2407 - 
t+ 2407 2435546 - - - 2408 - 
qs 2408 2436476 0x3ffbd2a0 0x3ffbd6cc 0 - trace_lg
qs 2408 2436484 0x3ffbd2a0 0x3ffb68d4 0 - trace_lg
t+ 2408 2436546 - - - 2409 - 
to 2409 2436552 0x3ffbd2a0 - - - trace_lg 
ti 2409 2436554 0x3ffbd13c - - - sender 3 
qs 2409 2436575 0x3ffbd13c 0x3ffbd72c 0 - sender 3
tsu 2409 2436578 0x3ffbd13c - - 2709 sender 3 
to 2409 2436586 0x3ffbd13c - - - sender 3 
ti 2409 2436589 0x3ffbcfd8 - - - sender 2 
qsf 2409 2436610 0x3ffbcfd8 0x3ffbd72c 0 - sender 2
tsu 2409 2436613 0x3ffbcfd8 - - 2609 sender 2 
to 2409 2436621 0x3ffbcfd8 - - - sender 2 
ti 2409 2436623 0x3ffbd2a0 - - - trace_lg 
t+ 2409 2437546 - - - 2410 - 
t+ 2410 2438546 - - - 2411 - 
t+ 2411 2439546 - - - 2412 - 
t+ 2412 2440546 - - - 2413 - 
to 2413 2440550 0x3ffbd2a0 - - - trace_lg 
ti 2413 2440553 0x3ffbbe70 - - - sender 1 
qsf 2413 2440574 0x3ffbbe70 0x3ffbd72c 0 - sender 1
tsu 2413 2440577 0x3ffbbe70 - - 2513 sender 1 
to 2413 2440585 0x3ffbbe70 - - - sender 1 
ti 2413 2440587 0x3ffbd2a0 - - - trace_lg 
qs 2413 2440990 0x3ffbd2a0 0x3ffbd6cc 0 - trace_lg
qs 2413 2440997 0x3ffbd2a0 0x3ffb68d4 0 - trace_lg
t+ 2413 2441546 - - - 2414 - 
t+ 2414 2442546 - - - 2415 - 
t+ 2415 2443546 - - - 2416 - 
t+ 2416 2444546 - - - 2417 - 
qs 2417 2445504 0x3ffbd2a0 0x3ffbd6cc 0 - trace_lg
qs 2417 2445511 0x3ffbd2a0 0x3ffb68d4 0 - trace_lg
t+ 2417 2445546 - - - 2418 - 
t+ 2418 2446546 - - - 2419 - 
t+ 2419 2447546 - - - 2420 - 
qs 2420 2448195 0x3ffbd2a0 0x3ffbd6cc 0 - trace_lg
qs 2420 2448202 0x3ffbd2a0 0x3ffb68d4 0 - trace_lg
t+ 2718 2746546 - - - 2719 - 
t+ 2719 2747546 - - - 2720 - 
qs 2720 2747931 0x3ffbd2a0 0x3ffbd6cc 0 - trace_lg
qs 2720 2747939 0x3ffbd2a0 0x3ffb68d4 0 - trace_lg
t+ 2720 2748546 - - - 2721 - 
t+ 2721 2749546 - - - 2722 - 
t+ 2722 2750546 - - - 2723 - 
qs 2723 2750623 0x3ffbd2a0 0x3ffbd6cc 0 - trace_lg
qs 2723 2750630 0x3ffbd2a0 0x3ffb68d4 0 - trace_lg
t+ 2723 2751546 - - - 2724 - 
t+ 2724 2752546 - - - 2725 - 
qs 2725 2753313 0x3ffbd2a0 0x3ffbd6cc 0 - trace_lg
qs 2725 2753321 0x3ffbd2a0 0x3ffb68d4 0 - trace_lg
t+ 2725 2753546 - - - 2726 - 
t+ 2726 2754546 - - - 2727 - 
t+ 2727 2755546 - - - 2728 - 
t+ 2728 2756546 - - - 2729 - 
t+ 2729 2757546 - - - 2730 - 
qs 2730 2757827 0x3ffbd2a0 0x3ffbd6cc 0 - trace_lg
qs 2730 2757834 0x3ffbd2a0 0x3ffb68d4 0 - trace_lg
t+ 2730 2758546 - - - 2731 - 
t+ 2731 2759546 - - - 2732 - 
t+ 2732 2760546 - - - 2733 - 
t+ 2733 2761546 - - - 2734 - 
qs 2734 2762341 0x3ffbd2a0 0x3ffbd6cc 0 - trace_lg
qs 2734 2762348 0x3ffbd2a0 0x3ffb68d4 0 - trace_lg
t+ 2734 2762546 - - - 2735 - 
t+ 2735 2763546 - - - 2736 - 
t+ 2736 2764546 - - - 2737 - 
qs 2737 2765032 0x3ffbd2a0 0x3ffbd6cc 0 - trace_lg
qs 2737 2765039 0x3ffbd2a0 0x3ffb68d4 0 - trace_lg
t+ 2737 2765546 - - - 2738 - 
t+ 2738 2766546 - - - 2739 - 
t+ 2739 2767546 - - - 2740 - 
qs 2740 2767723 0x3ffbd2a0 0x3ffbd6cc 0 - trace_lg
qs 2740 2767730 0x3ffbd2a0 0x3ffb68d4 0 - trace_lg
t+ 2740 2768546 - - - 2741 - 
t+ 2741 2769546 - - - 2742 - 
qs 2742 2770414 0x3ffbd2a0 0x3ffbd6cc 0 - trace_lg
qs 2742 2770421 0x3ffbd2a0 0x3ffb68d4 0 - trace_lg
t+ 2742 2770546 - - - 2743 - 
t+ 2743 2771546 - - - 2744 - 
t+ 2744 2772546 - - - 2745 - 
t+ 2745 2773546 - - - 2746 - 
t+ 2746 2774546 - - - 2747 - 
qs 2747 2774928 0x3ffbd2a0 0x3ffbd6cc 0 - trace_lg
qs 2747 2774935 0x3ffbd2a0 0x3ffb68d4 0 - trace_lg
t+ 2747 2775546 - - - 2748 - 
t+ 2748 2776546 - - - 2749 - 
t+ 2749 2777546 - - - 2750 - 
t+ 2750 2778546 - - - 2751 - 
qs 2751 2779442 0x3ffbd2a0 0x3ffbd6cc 0 - trace_lg
qs 2751 2779449 0x3ffbd2a0 0x3ffb68d4 0 - trace_lg
t+ 2751 2779546 - - - 2752 - 
t+ 2752 2780546 - - - 2753 - 
t+ 2753 2781546 - - - 2754 - 
qs 2754 2782133 0x3ffbd2a0 0x3ffbd6cc 0 - trace_lg
qs 2754 2782140 0x3ffbd2a0 0x3ffb68d4 0 - trace_lg
t+ 2754 2782546 - - - 2755 - 
t+ 2755 2783546 - - - 2756 - 
t+ 2756 2784546 - - - 2757 - 
qs 2757 2784824 0x3ffbd2a0 0x3ffbd6cc 0 - trace_lg
qs 2757 2784831 0x3ffbd2a0 0x3ffb68d4 0 - trace_lg
t+ 2757 2785546 - - - 2758 - 
t+ 2758 2786546 - - - 2759 - 
t+ 2759 2787546 - - - 2760 - 
t+ 2760 2788546 - - - 2761 - 
qs 2761 2789337 0x3ffbd2a0 0x3ffbd6cc 0 - trace_lg
qs 2761 2789345 0x3ffbd2a0 0x3ffb68d4 0 - trace_lg
t+ 2761 2789546 - - - 2762 - 
t+ 2762 2790546 - - - 2763 - 
t+ 2763 2791546 - - - 2764 - 
t+ 2764 2792546 - - - 2765 - 
t+ 2765 2793546 - - - 2766 - 
qs 2766 2793851 0x3ffbd2a0 0x3ffbd6cc 0 - trace_lg
qs 2766 2793858 0x3ffbd2a0 0x3ffb68d4 0 - trace_lg
t+ 2766 2794546 - - - 2767 - 
t+ 2767 2795546 - - - 2768 - 
qs 2768 2796542 0x3ffbd2a0 0x3ffbd6cc 0 - trace_lg
t+ 2768 2796548 - - - 2769 - 
qs 2769 2796556 0x3ffbd2a0 0x3ffb68d4 0 - trace_lg
t+ 2769 2797546 - - - 2770 - 
t+ 2770 2798546 - - - 2771 - 
qs 2771 2799233 0x3ffbd2a0 0x3ffbd6cc 0 - trace_lg
qs 2771 2799240 0x3ffbd2a0 0x3ffb68d4 0 - trace_lg
t+ 2771 2799546 - - - 2772 - 
t+ 2772 2800546 - - - 2773 - 
t+ 2773 2801546 - - - 2774 - 
qs 2774 2801924 0x3ffbd2a0 0x3ffbd6cc 0 - trace_lg
qs 2774 2801931 0x3ffbd2a0 0x3ffb68d4 0 - trace_lg
t+ 2774 2802546 - - - 2775 - 
t+ 2775 2803546 - - - 2776 - 
t+ 2776 2804546 - - - 2777 - 
qs 2777 2804615 0x3ffbd2a0 0x3ffbd6cc 0 - trace_lg
qs 2777 2804622 0x3ffbd2a0 0x3ffb68d4 0 - trace_lg
t+ 2777 2805546 - - - 2778 - 
t+ 2778 2806546 - - - 2779 - 
qs 2779 2807306 0x3ffbd2a0 0x3ffbd6cc 0 - trace_lg
qs 2779 2807313 0x3ffbd2a0 0x3ffb68d4 0 - trace_lg
t+ 2779 2807546 - - - 2780 - 
t+ 2780 2808546 - - - 2781 - 
t+ 2781 2809546 - - - 2782 - 
t+ 2782 2810546 - - - 2783 - 
t+ 2783 2811546 - - - 2784 - 
qs 2784 2811820 0x3ffbd2a0 0x3ffbd6cc 0 - trace_lg
t+ 3073 3101546 - - - 3074 - 
qs 3074 3101574 0x3ffbd2a0 0x3ffbd6cc 0 - trace_lg
qs 3074 3101581 0x3ffbd2a0 0x3ffb68d4 0 - trace_lg
t+ 3074 3102546 - - - 3075 - 
t+ 3075 3103546 - - - 3076 - 
qs 3076 3104265 0x3ffbd2a0 0x3ffbd6cc 0 - trace_lg
qs 3076 3104272 0x3ffbd2a0 0x3ffb68d4 0 - trace_lg
t+ 3076 3104546 - - - 3077 - 
t+ 3077 3105546 - - - 3078 - 
t+ 3078 3106546 - - - 3079 - 
t+ 3079 3107546 - - - 3080 - 
t+ 3080 3108546 - - - 3081 - 
qs 3081 3108779 0x3ffbd2a0 0x3ffbd6cc 0 - trace_lg
qs 3081 3108786 0x3ffbd2a0 0x3ffb68d4 0 - trace_lg
t+ 3081 3109546 - - - 3082 - 
t+ 3082 3110546 - - - 3083 - 
t+ 3083 3111546 - - - 3084 - 
t+ 3084 3112546 - - - 3085 - 
qs 3085 3113292 0x3ffbd2a0 0x3ffbd6cc 0 - trace_lg
qs 3085 3113300 0x3ffbd2a0 0x3ffb68d4 0 - trace_lg
t+ 3085 3113546 - - - 3086 - 
t+ 3086 3114546 - - - 3087 - 
t+ 3087 3115546 - - - 3088 - 
qs 3088 3115983 0x3ffbd2a0 0x3ffbd6cc 0 - trace_lg
qs 3088 3115991 0x3ffbd2a0 0x3ffb68d4 0 - trace_lg
t+ 3088 3116546 - - - 3089 - 
t+ 3089 3117546 - - - 3090 - 
t+ 3090 3118546 - - - 3091 - 
qs 3091 3118674 0x3ffbd2a0 0x3ffbd6cc 0 - trace_lg
qs 3091 3118682 0x3ffbd2a0 0x3ffb68d4 0 - trace_lg
t+ 3091 3119546 - - - 3092 - 
t+ 3092 3120546 - - - 3093 - 
t+ 3093 3121546 - - - 3094 - 
t+ 3094 3122546 - - - 3095 - 
qs 3095 3123188 0x3ffbd2a0 0x3ffbd6cc 0 - trace_lg
qs 3095 3123196 0x3ffbd2a0 0x3ffb68d4 0 - trace_lg
t+ 3095 3123546 - - - 3096 - 
t+ 3096 3124546 - - - 3097 - 
t+ 3097 3125546 - - - 3098 - 
t+ 3098 3126546 - - - 3099 - 
t+ 3099 3127546 - - - 3100 - 
qs 3100 3127702 0x3ffbd2a0 0x3ffbd6cc 0 - trace_lg
qs 3100 3127709 0x3ffbd2a0 0x3ffb68d4 0 - trace_lg
t+ 3100 3128546 - - - 3101 - 
t+ 3101 3129546 - - - 3102 - 
qs 3102 3130393 0x3ffbd2a0 0x3ffbd6cc 0 - trace_lg
qs 3102 3130400 0x3ffbd2a0 0x3ffb68d4 0 - trace_lg
t+ 3102 3130546 - - - 3103 - 
t+ 3103 3131546 - - - 3104 - 
to 3104 3131550 0x3ffbd2a0 - - - trace_lg 
ti 3104 3131553 0x3ffbad08 - - - reciever 
qr 3104 3131557 0x3ffbad08 0x3ffbd72c 4294967295 - reciever
tsu 3104 3131560 0x3ffbad08 - - 3204 reciever 
to 3104 3131568 0x3ffbad08 - - - reciever 
ti 3104 3131571 0x3ffbd2a0 - - - trace_lg 
t+ 3104 3132546 - - - 3105 - 
qs 3105 3133084 0x3ffbd2a0 0x3ffbd6cc 0 - trace_lg
qs 3105 3133091 0x3ffbd2a0 0x3ffb68d4 0 - trace_lg
t+ 3105 3133546 - - - 3106 - 
t+ 3106 3134546 - - - 3107 - 
t+ 3107 3135546 - - - 3108 - 
qs 3108 3135775 0x3ffbd2a0 0x3ffbd6cc 0 - trace_lg
qs 3108 3135782 0x3ffbd2a0 0x3ffb68d4 0 - trace_lg
t+ 3108 3136546 - - - 3109 - 
t+ 3109 3137546 - - - 3110 - 
qs 3110 3138466 0x3ffbd2a0 0x3ffbd6cc 0 - trace_lg
qs 3110 3138473 0x3ffbd2a0 0x3ffb68d4 0 - trace_lg
t+ 3110 3138546 - - - 3111 - 
t+ 3111 3139546 - - - 3112 - 
t+ 3112 3140546 - - - 3113 - 
to 3113 3140550 0x3ffbd2a0 - - - trace_lg 
ti 3113 3140553 0x3ffbbe70 - - - sender 1 
qs 3113 3140574 0x3ffbbe70 0x3ffbd72c 0 - sender 1
tsu 3113 3140577 0x3ffbbe70 - - 3213 sender 1 
to 3113 3140585 0x3ffbbe70 - - - sender 1 
ti 3113 3140588 0x3ffbd2a0 - - - trace_lg 
qs 3113 3141157 0x3ffbd2a0 0x3ffbd6cc 0 - trace_lg
qs 3113 3141164 0x3ffbd2a0 0x3ffb68d4 0 - trace_lg
t+ 3113 3141546 - - - 3114 - 
t+ 3114 3142546 - - - 3115 - 
t+ 3115 3143546 - - - 3116 - 
t+ 3116 3144546 - - - 3117 - 
t+ 3117 3145546 - - - 3118 - 
qs 3118 3145671 0x3ffbd2a0 0x3ffbd6cc 0 - trace_lg
qs 3118 3145678 0x3ffbd2a0 0x3ffb68d4 0 - trace_lg
t+ 3118 3146546 - - - 3119 - 
t+ 3119 3147546 - - - 3120 - 
t+ 3120 3148546 - - - 3121 - 
t+ 3121 3149546 - - - 3122 - 
qs 3122 3150184 0x3ffbd2a0 0x3ffbd6cc 0 - trace_lg
qs 3122 3150192 0x3ffbd2a0 0x3ffb68d4 0 - trace_lg
t+ 3122 3150546 - - - 3123 - 
t+ 3123 3151546 - - - 3124 - 
t+ 3124 3152546 - - - 3125 - 
qs 3125 3152875 0x3ffbd2a0 0x3ffbd6cc 0 - trace_lg
qs 3125 3152883 0x3ffbd2a0 0x3ffb68d4 0 - trace_lg
t+ 3125 3153546 - - - 3126 - 
t+ 3126 3154546 - - - 3127 - 
t+ 3127 3155546 - - - 3128 - 
qs 3128 3155566 0x3ffbd2a0 0x3ffbd6cc 0 - trace_lg
qs 3419 3447230 0x3ffbd2a0 0x3ffbd6cc 0 - trace_lg
qs 3419 3447237 0x3ffbd2a0 0x3ffb68d4 0 - trace_lg
t+ 3419 3447546 - - - 3420 - 
t+ 3420 3448546 - - - 3421 - 
t+ 3421 3449546 - - - 3422 - 
t+ 3422 3450546 - - - 3423 - 
t+ 3423 3451546 - - - 3424 - 
qs 3424 3451744 0x3ffbd2a0 0x3ffbd6cc 0 - trace_lg
qs 3424 3451751 0x3ffbd2a0 0x3ffb68d4 0 - trace_lg
t+ 3424 3452546 - - - 3425 - 
t+ 3425 3453546 - - - 3426 - 
t+ 3426 3454546 - - - 3427 - 
t+ 3427 3455546 - - - 3428 - 
qs 3428 3456258 0x3ffbd2a0 0x3ffbd6cc 0 - trace_lg
qs 3428 3456265 0x3ffbd2a0 0x3ffb68d4 0 - trace_lg
t+ 3428 3456546 - - - 3429 - 
t+ 3429 3457546 - - - 3430 - 
t+ 3430 3458546 - - - 3431 - 
qs 3431 3458949 0x3ffbd2a0 0x3ffbd6cc 0 - trace_lg
qs 3431 3458956 0x3ffbd2a0 0x3ffb68d4 0 - trace_lg
t+ 3431 3459546 - - - 3432 - 
t+ 3432 3460546 - - - 3433 - 
t+ 3433 3461546 - - - 3434 - 
qs 3434 3461640 0x3ffbd2a0 0x3ffbd6cc 0 - trace_lg
qs 3434 3461647 0x3ffbd2a0 0x3ffb68d4 0 - trace_lg
t+ 3434 3462546 - - - 3435 - 
t+ 3435 3463546 - - - 3436 - 
qs 3436 3464330 0x3ffbd2a0 0x3ffbd6cc 0 - trace_lg
qs 3436 3464338 0x3ffbd2a0 0x3ffb68d4 0 - trace_lg
t+ 3436 3464546 - - - 3437 - 
t+ 3437 3465546 - - - 3438 - 
t+ 3438 3466546 - - - 3439 - 
qs 3439 3467021 0x3ffbd2a0 0x3ffbd6cc 0 - trace_lg
qs 3439 3467029 0x3ffbd2a0 0x3ffb68d4 0 - trace_lg
t+ 3439 3467546 - - - 3440 - 
t+ 3440 3468546 - - - 3441 - 
t+ 3441 3469546 - - - 3442 - 
qs 3442 3469712 0x3ffbd2a0 0x3ffbd6cc 0 - trace_lg
qs 3442 3469720 0x3ffbd2a0 0x3ffb68d4 0 - trace_lg
t+ 3442 3470546 - - - 3443 - 
t+ 3443 3471546 - - - 3444 - 
t+ 3444 3472546 - - - 3445 - 
t+ 3445 3473546 - - - 3446 - 
qs 3446 3474226 0x3ffbd2a0 0x3ffbd6cc 0 - trace_lg
qs 3446 3474234 0x3ffbd2a0 0x3ffb68d4 0 - trace_lg
t+ 3446 3474546 - - - 3447 - 
t+ 3447 3475546 - - - 3448 - 
t+ 3448 3476546 - - - 3449 - 
t+ 3449 3477546 - - - 3450 - 
t+ 3450 3478546 - - - 3451 - 
qs 3451 3478740 0x3ffbd2a0 0x3ffbd6cc 0 - trace_lg
qs 3451 3478747 0x3ffbd2a0 0x3ffb68d4 0 - trace_lg
t+ 3451 3479546 - - - 3452 - 
t+ 3452 3480546 - - - 3453 - 
qs 3453 3481431 0x3ffbd2a0 0x3ffbd6cc 0 - trace_lg
qs 3453 3481438 0x3ffbd2a0 0x3ffb68d4 0 - trace_lg
t+ 3453 3481546 - - - 3454 - 
t+ 3454 3482546 - - - 3455 - 
t+ 3455 3483546 - - - 3456 - 
qs 3456 3484122 0x3ffbd2a0 0x3ffbd6cc 0 - trace_lg
qs 3456 3484129 0x3ffbd2a0 0x3ffb68d4 0 - trace_lg
t+ 3456 3484546 - - - 3457 - 
t+ 3457 3485546 - - - 3458 - 
t+ 3458 3486546 - - - 3459 - 
qs 3459 3486813 0x3ffbd2a0 0x3ffbd6cc 0 - trace_lg
qs 3459 3486820 0x3ffbd2a0 0x3ffb68d4 0 - trace_lg
t+ 3459 3487546 - - - 3460 - 
t+ 3460 3488546 - - - 3461 - 
qs 3461 3489504 0x3ffbd2a0 0x3ffbd6cc 0 - trace_lg
qs 3461 3489511 0x3ffbd2a0 0x3ffb68d4 0 - trace_lg
t+ 3461 3489546 - - - 3462 - 
t+ 3462 3490546 - - - 3463 - 
t+ 3463 3491546 - - - 3464 - 
t+ 3464 3492546 - - - 3465 - 
t+ 3465 3493546 - - - 3466 - 
qs 3466 3494018 0x3ffbd2a0 0x3ffbd6cc 0 - trace_lg
qs 3466 3494025 0x3ffbd2a0 0x3ffb68d4 0 - trace_lg
t+ 3466 3494546 - - - 3467 - 
t+ 3467 3495546 - - - 3468 - 
t+ 3468 3496546 - - - 3469 - 
t+ 3469 3497546 - - - 3470 - 
qs 3470 3498532 0x3ffbd2a0 0x3ffbd6cc 0 - trace_lg
qs 3470 3498539 0x3ffbd2a0 0x3ffb68d4 0 - trace_lg
t+ 3470 3498546 - - - 3471 - 
t+ 3471 3499546 - - - 3472 - 
t+ 3472 3500546 - - - 3473 - 
qs 3473 3501222 0x3ffbd2a0 0x3ffbd6cc 0 - trace_lg
qs 3473 3501230 0x3ffbd2a0 0x3ffb68d4 0 - trace_lg
t+ 3473 3501546 - - - 3474 - 
t+ 3474 3502546 - - - 3475 - 
t+ 3475 3503546 - - - 3476 - 
qs 3476 3503913 0x3ffbd2a0 0x3ffbd6cc 0 - trace_lg
qs 3476 3503921 0x3ffbd2a0 0x3ffb68d4 0 - trace_lg
t+ 3476 3504546 - - - 3477 - 
t+ 3477 3505546 - - - 3478 - 
t+ 3478 3506546 - - - 3479 - 
qs 3479 3506605 0x3ffbd2a0 0x3ffbd6cc 0 - trace_lg
qs 3479 3506612 0x3ffbd2a0 0x3ffb68d4 0 - trace_lg
t+ 3479 3507546 - - - 3480 - 
t+ 3480 3508546 - - - 3481 - 
t+ 3481 3509546 - - - 3482 - 
t+ 3482 3510546 - - - 3483 - 
qs 3483 3511118 0x3ffbd2a0 0x3ffbd6cc 0 - trace_lg
==========================================

[0;32mI (4171) vPrinter: Log count: 1[0m

========== TRACE LOG (5795 entries) ==========
qs 4017 4044582 0x3ffbd2a0 0x3ffbd6cc 0 - trace_lg
qs 4017 4044634 0x3ffbd2a0 0x3ffbd6cc 0 - trace_lg
qs 4017 4044642 0x3ffbd2a0 0x3ffb68d4 0 - trace_lg
qs 4017 4044732 0x3ffbd2a0 0x3ffbd6cc 0 - trace_lg
qs 4017 4044740 0x3ffbd2a0 0x3ffb68d4 0 - trace_lg
t+ 4017 4045546 - - - 4018 - 
t+ 4018 4046546 - - - 4019 - 
qs 4019 4046796 0x3ffbd2a0 0x3ffbd6cc 0 - trace_lg
qs 4019 4046803 0x3ffbd2a0 0x3ffb68d4 0 - trace_lg
t+ 4019 4047546 - - - 4020 - 
t+ 4020 4048546 - - - 4021 - 
t+ 4021 4049546 - - - 4022 - 
t+ 4022 4050546 - - - 4023 - 
qs 4023 4051310 0x3ffbd2a0 0x3ffbd6cc 0 - trace_lg
qs 4023 4051317 0x3ffbd2a0 0x3ffb68d4 0 - trace_lg
t+ 4023 4051546 - - - 4024 - 
t+ 4024 4052546 - - - 4025 - 
t+ 4025 4053546 - - - 4026 - 
t+ 4026 4054546 - - - 4027 - 
t+ 4027 4055546 - - - 4028 - 
qs 4028 4055823 0x3ffbd2a0 0x3ffbd6cc 0 - trace_lg
qs 4028 4055831 0x3ffbd2a0 0x3ffb68d4 0 - trace_lg
t+ 4028 4056546 - - - 4029 - 
t+ 4029 4057546 - - - 4030 - 
t+ 4030 4058546 - - - 4031 - 
t+ 4031 4059546 - - - 4032 - 
qs 4032 4060337 0x3ffbd2a0 0x3ffbd6cc 0 - trace_lg
qs 4032 4060345 0x3ffbd2a0 0x3ffb68d4 0 - trace_lg
t+ 4032 4060546 - - - 4033 - 
t+ 4033 4061546 - - - 4034 - 
t+ 4034 4062546 - - - 4035 - 
qs 4035 4063028 0x3ffbd2a0 0x3ffbd6cc 0 - trace_lg
qs 4035 4063036 0x3ffbd2a0 0x3ffb68d4 0 - trace_lg
t+ 4035 4063546 - - - 4036 - 
t+ 4036 4064546 - - - 4037 - 
t+ 4037 4065546 - - - 4038 - 
qs 4038 4065719 0x3ffbd2a0 0x3ffbd6cc 0 - trace_lg
qs 4038 4065727 0x3ffbd2a0 0x3ffb68d4 0 - trace_lg
t+ 4038 4066546 - - - 4039 - 
t+ 4039 4067546 - - - 4040 - 
t+ 4040 4068546 - - - 4041 - 
t+ 4041 4069546 - - - 4042 - 
qs 4042 4070233 0x3ffbd2a0 0x3ffbd6cc 0 - trace_lg
qs 4042 4070240 0x3ffbd2a0 0x3ffb68d4 0 - trace_lg
t+ 4042 4070546 - - - 4043 - 
t+ 4043 4071546 - - - 4044 - 
t+ 4044 4072546 - - - 4045 - 
t+ 4045 4073546 - - - 4046 - 
t+ 4046 4074546 - - - 4047 - 
qs 4047 4074747 0x3ffbd2a0 0x3ffbd6cc 0 - trace_lg
qs 4047 4074754 0x3ffbd2a0 0x3ffb68d4 0 - trace_lg
t+ 4047 4075546 - - - 4048 - 
t+ 4048 4076546 - - - 4049 - 
qs 4049 4077438 0x3ffbd2a0 0x3ffbd6cc 0 - trace_lg
qs 4049 4077445 0x3ffbd2a0 0x3ffb68d4 0 - trace_lg
t+ 4049 4077546 - - - 4050 - 
t+ 4050 4078546 - - - 4051 - 
t+ 4051 4079546 - - - 4052 - 
qs 4052 4080129 0x3ffbd2a0 0x3ffbd6cc 0 - trace_lg
qs 4052 4080136 0x3ffbd2a0 0x3ffb68d4 0 - trace_lg
t+ 4052 4080546 - - - 4053 - 
t+ 4053 4081546 - - - 4054 - 
t+ 4054 4082546 - - - 4055 - 
qs 4055 4082820 0x3ffbd2a0 0x3ffbd6cc 0 - trace_lg
qs 4055 4082827 0x3ffbd2a0 0x3ffb68d4 0 - trace_lg
t+ 4055 4083546 - - - 4056 - 
t+ 4056 4084546 - - - 4057 - 
qs 4057 4085511 0x3ffbd2a0 0x3ffbd6cc 0 - trace_lg
qs 4057 4085518 0x3ffbd2a0 0x3ffb68d4 0 - trace_lg
t+ 4057 4085546 - - - 4058 - 
t+ 4058 4086546 - - - 4059 - 
t+ 4059 4087546 - - - 4060 - 
t+ 4060 4088546 - - - 4061 - 
t+ 4061 4089546 - - - 4062 - 
qs 4062 4090025 0x3ffbd2a0 0x3ffbd6cc 0 - trace_lg
qs 4062 4090032 0x3ffbd2a0 0x3ffb68d4 0 - trace_lg
t+ 4062 4090546 - - - 4063 - 
t+ 4063 4091546 - - - 4064 - 
t+ 4064 4092546 - - - 4065 - 
t+ 4065 4093546 - - - 4066 - 
qs 4066 4094538 0x3ffbd2a0 0x3ffbd6cc 0 - trace_lg
t+ 4066 4094546 - - - 4067 - 
qs 4067 4094551 0x3ffbd2a0 0x3ffb68d4 0 - trace_lg
t+ 4067 4095546 - - - 4068 - 
t+ 4068 4096546 - - - 4069 - 
qs 4069 4097229 0x3ffbd2a0 0x3ffbd6cc 0 - trace_lg
qs 4069 4097237 0x3ffbd2a0 0x3ffb68d4 0 - trace_lg
t+ 4069 4097546 - - - 4070 - 
t+ 4070 4098546 - - - 4071 - 
t+ 4071 4099546 - - - 4072 - 
qs 4072 4099920 0x3ffbd2a0 0x3ffbd6cc 0 - trace_lg
qs 4072 4099928 0x3ffbd2a0 0x3ffb68d4 0 - trace_lg
t+ 4072 4100546 - - - 4073 - 
t+ 4073 4101546 - - - 4074 - 
t+ 4074 4102546 - - - 4075 - 
qs 4075 4102611 0x3ffbd2a0 0x3ffbd6cc 0 - trace_lg
qs 4075 4102619 0x3ffbd2a0 0x3ffb68d4 0 - trace_lg
t+ 4075 4103546 - - - 4076 - 
t+ 4076 4104546 - - - 4077 - 
qs 4077 4105302 0x3ffbd2a0 0x3ffbd6cc 0 - trace_lg
qs 4077 4105310 0x3ffbd2a0 0x3ffb68d4 0 - trace_lg
t+ 4077 4105546 - - - 4078 - 
t+ 4078 4106546 - - - 4079 - 
t+ 4079 4107546 - - - 4080 - 
qs 4080 4107993 0x3ffbd2a0 0x3ffbd6cc 0 - trace_lg
qs 4080 4108001 0x3ffbd2a0 0x3ffb68d4 0 - trace_lg
t+ 4080 4108546 - - - 4081 - 
t+ 4375 4403546 - - - 4376 - 
qs 4376 4404084 0x3ffbd2a0 0x3ffbd6cc 0 - trace_lg
qs 4376 4404091 0x3ffbd2a0 0x3ffb68d4 0 - trace_lg
t+ 4376 4404546 - - - 4377 - 
t+ 4377 4405546 - - - 4378 - 
t+ 4378 4406546 - - - 4379 - 
qs 4379 4406775 0x3ffbd2a0 0x3ffbd6cc 0 - trace_lg
qs 4379 4406782 0x3ffbd2a0 0x3ffb68d4 0 - trace_lg
t+ 4379 4407546 - - - 4380 - 
t+ 4380 4408546 - - - 4381 - 
t+ 4381 4409546 - - - 4382 - 
t+ 4382 4410546 - - - 4383 - 
qs 4383 4411289 0x3ffbd2a0 0x3ffbd6cc 0 - trace_lg
qs 4383 4411296 0x3ffbd2a0 0x3ffb68d4 0 - trace_lg
t+ 4383 4411546 - - - 4384 - 
t+ 4384 4412546 - - - 4385 - 
t+ 4385 4413546 - - - 4386 - 
t+ 4386 4414546 - - - 4387 - 
t+ 4387 4415546 - - - 4388 - 
qs 4388 4415802 0x3ffbd2a0 0x3ffbd6cc 0 - trace_lg
qs 4388 4415810 0x3ffbd2a0 0x3ffb68d4 0 - trace_lg
t+ 4388 4416546 - - - 4389 - 
t+ 4389 4417546 - - - 4390 - 
qs 4390 4418494 0x3ffbd2a0 0x3ffbd6cc 0 - trace_lg
qs 4390 4418501 0x3ffbd2a0 0x3ffb68d4 0 - trace_lg
t+ 4390 4418546 - - - 4391 - 
t+ 4391 4419546 - - - 4392 - 
t+ 4392 4420546 - - - 4393 - 
qs 4393 4421185 0x3ffbd2a0 0x3ffbd6cc 0 - trace_lg
qs 4393 4421192 0x3ffbd2a0 0x3ffb68d4 0 - trace_lg
t+ 4393 4421546 - - - 4394 - 
t+ 4394 4422546 - - - 4395 - 
t+ 4395 4423546 - - - 4396 - 
qs 4396 4423875 0x3ffbd2a0 0x3ffbd6cc 0 - trace_lg
qs 4396 4423883 0x3ffbd2a0 0x3ffb68d4 0 - trace_lg
t+ 4396 4424546 - - - 4397 - 
t+ 4397 4425546 - - - 4398 - 
t+ 4398 4426546 - - - 4399 - 
t+ 4399 4427546 - - - 4400 - 
qs 4400 4428389 0x3ffbd2a0 0x3ffbd6cc 0 - trace_lg
qs 4400 4428397 0x3ffbd2a0 0x3ffb68d4 0 - trace_lg
t+ 4400 4428546 - - - 4401 - 
t+ 4401 4429546 - - - 4402 - 
t+ 4402 4430546 - - - 4403 - 
t+ 4403 4431546 - - - 4404 - 
to 4404 4431550 0x3ffbd2a0 - - - trace_lg 
ti 4404 4431553 0x3ffbad08 - - - reciever 
qr 4404 4431557 0x3ffbad08 0x3ffbd72c 4294967295 - reciever
tsu 4404 4431560 0x3ffbad08 - - 4504 reciever 
to 4404 4431568 0x3ffbad08 - - - reciever 
ti 4404 4431571 0x3ffbd2a0 - - - trace_lg 
t+ 4404 4432546 - - - 4405 - 
qs 4405 4432903 0x3ffbd2a0 0x3ffbd6cc 0 - trace_lg
qs 4405 4432910 0x3ffbd2a0 0x3ffb68d4 0 - trace_lg
t+ 4405 4433546 - - - 4406 - 
t+ 4406 4434546 - - - 4407 - 
t+ 4407 4435546 - - - 4408 - 
qs 4408 4435594 0x3ffbd2a0 0x3ffbd6cc 0 - trace_lg
qs 4408 4435601 0x3ffbd2a0 0x3ffb68d4 0 - trace_lg
t+ 4408 4436546 - - - 4409 - 
to 4409 4436551 0x3ffbd2a0 - - - trace_lg 
ti 4409 4436553 0x3ffbcfd8 - - - sender 2 
qs 4409 4436574 0x3ffbcfd8 0x3ffbd72c 0 - sender 2
tsu 4409 4436578 0x3ffbcfd8 - - 4609 sender 2 
to 4409 4436586 0x3ffbcfd8 - - - sender 2 
ti 4409 4436588 0x3ffbd2a0 - - - trace_lg 
t+ 4409 4437546 - - - 4410 - 
qs 4410 4438285 0x3ffbd2a0 0x3ffbd6cc 0 - trace_lg
qs 4410 4438292 0x3ffbd2a0 0x3ffb68d4 0 - trace_lg
t+ 4410 4438546 - - - 4411 - 
t+ 4411 4439546 - - - 4412 - 
t+ 4412 4440546 - - - 4413 - 
to 4413 4440550 0x3ffbd2a0 - - - trace_lg 
ti 4413 4440553 0x3ffbbe70 - - - sender 1 
qsf 4413 4440574 0x3ffbbe70 0x3ffbd72c 0 - sender 1
tsu 4413 4440577 0x3ffbbe70 - - 4513 sender 1 
to 4413 4440585 0x3ffbbe70 - - - sender 1 
ti 4413 4440587 0x3ffbd2a0 - - - trace_lg 
qs 4413 4440976 0x3ffbd2a0 0x3ffbd6cc 0 - trace_lg
qs 4413 4440983 0x3ffbd2a0 0x3ffb68d4 0 - trace_lg
t+ 4413 4441546 - - - 4414 - 
t+ 4414 4442546 - - - 4415 - 
t+ 4415 4443546 - - - 4416 - 
qs 4416 4443667 0x3ffbd2a0 0x3ffbd6cc 0 - trace_lg
qs 4416 4443674 0x3ffbd2a0 0x3ffb68d4 0 - trace_lg
t+ 4416 4444546 - - - 4417 - 
t+ 4417 4445546 - - - 4418 - 
t+ 4418 4446546 - - - 4419 - 
t+ 4419 4447546 - - - 4420 - 
qs 4420 4448181 0x3ffbd2a0 0x3ffbd6cc 0 - trace_lg
qs 4420 4448188 0x3ffbd2a0 0x3ffb68d4 0 - trace_lg
t+ 4420 4448546 - - - 4421 - 
t+ 4421 4449546 - - - 4422 - 
t+ 4422 4450546 - - - 4423 - 
t+ 4423 4451546 - - - 4424 - 
t+ 4424 4452546 - - - 4425 - 
qs 4425 4452695 0x3ffbd2a0 0x3ffbd6cc 0 - trace_lg
qs 4425 4452702 0x3ffbd2a0 0x3ffb68d4 0 - trace_lg
t+ 4425 4453546 - - - 4426 - 
qs 4721 4749487 0x3ffbd2a0 0x3ffb68d4 0 - trace_lg
t+ 4721 4749546 - - - 4722 - 
t+ 4722 4750546 - - - 4723 - 
t+ 4723 4751546 - - - 4724 - 
t+ 4724 4752546 - - - 4725 - 
t+ 4725 4753546 - - - 4726 - 
qs 4726 4753994 0x3ffbd2a0 0x3ffbd6cc 0 - trace_lg
qs 4726 4754001 0x3ffbd2a0 0x3ffb68d4 0 - trace_lg
t+ 4726 4754546 - - - 4727 - 
t+ 4727 4755546 - - - 4728 - 
t+ 4728 4756546 - - - 4729 - 
qs 4729 4756685 0x3ffbd2a0 0x3ffbd6cc 0 - trace_lg
qs 4729 4756692 0x3ffbd2a0 0x3ffb68d4 0 - trace_lg
t+ 4729 4757546 - - - 4730 - 
t+ 4730 4758546 - - - 4731 - 
qs 4731 4759376 0x3ffbd2a0 0x3ffbd6cc 0 - trace_lg
qs 4731 4759383 0x3ffbd2a0 0x3ffb68d4 0 - trace_lg
t+ 4731 4759546 - - - 4732 - 
t+ 4732 4760546 - - - 4733 - 
t+ 4733 4761546 - - - 4734 - 
qs 4734 4762066 0x3ffbd2a0 0x3ffbd6cc 0 - trace_lg
qs 4734 4762074 0x3ffbd2a0 0x3ffb68d4 0 - trace_lg
t+ 4734 4762546 - - - 4735 - 
t+ 4735 4763546 - - - 4736 - 
t+ 4736 4764546 - - - 4737 - 
qs 4737 4764757 0x3ffbd2a0 0x3ffbd6cc 0 - trace_lg
qs 4737 4764765 0x3ffbd2a0 0x3ffb68d4 0 - trace_lg
t+ 4737 4765546 - - - 4738 - 
t+ 4738 4766546 - - - 4739 - 
qs 4739 4767448 0x3ffbd2a0 0x3ffbd6cc 0 - trace_lg
qs 4739 4767456 0x3ffbd2a0 0x3ffb68d4 0 - trace_lg
t+ 4739 4767546 - - - 4740 - 
t+ 4740 4768546 - - - 4741 - 
t+ 4741 4769546 - - - 4742 - 
t+ 4742 4770546 - - - 4743 - 
t+ 4743 4771546 - - - 4744 - 
qs 4744 4771962 0x3ffbd2a0 0x3ffbd6cc 0 - trace_lg
qs 4744 4771970 0x3ffbd2a0 0x3ffb68d4 0 - trace_lg
t+ 4744 4772546 - - - 4745 - 
t+ 4745 4773546 - - - 4746 - 
t+ 4746 4774546 - - - 4747 - 
t+ 4747 4775546 - - - 4748 - 
qs 4748 4776476 0x3ffbd2a0 0x3ffbd6cc 0 - trace_lg
qs 4748 4776483 0x3ffbd2a0 0x3ffb68d4 0 - trace_lg
t+ 4748 4776546 - - - 4749 - 
t+ 4749 4777546 - - - 4750 - 
t+ 4750 4778546 - - - 4751 - 
qs 4751 4779167 0x3ffbd2a0 0x3ffbd6cc 0 - trace_lg
qs 4751 4779174 0x3ffbd2a0 0x3ffb68d4 0 - trace_lg
t+ 4751 4779546 - - - 4752 - 
t+ 4752 4780546 - - - 4753 - 
t+ 4753 4781546 - - - 4754 - 
qs 4754 4781858 0x3ffbd2a0 0x3ffbd6cc 0 - trace_lg
qs 4754 4781865 0x3ffbd2a0 0x3ffb68d4 0 - trace_lg
t+ 4754 4782546 - - - 4755 - 
t+ 4755 4783546 - - - 4756 - 
t+ 4756 4784546 - - - 4757 - 
qs 4757 4784551 0x3ffbd2a0 0x3ffbd6cc 0 - trace_lg
qs 4757 4784559 0x3ffbd2a0 0x3ffb68d4 0 - trace_lg
t+ 4757 4785546 - - - 4758 - 
t+ 4758 4786546 - - - 4759 - 
t+ 4759 4787546 - - - 4760 - 
t+ 4760 4788546 - - - 4761 - 
qs 4761 4789063 0x3ffbd2a0 0x3ffbd6cc 0 - trace_lg
qs 4761 4789070 0x3ffbd2a0 0x3ffb68d4 0 - trace_lg
t+ 4761 4789546 - - - 4762 - 
t+ 4762 4790546 - - - 4763 - 
t+ 4763 4791546 - - - 4764 - 
t+ 4764 4792546 - - - 4765 - 
t+ 4765 4793546 - - - 4766 - 
qs 4766 4793577 0x3ffbd2a0 0x3ffbd6cc 0 - trace_lg
qs 4766 4793584 0x3ffbd2a0 0x3ffb68d4 0 - trace_lg
t+ 4766 4794546 - - - 4767 - 
t+ 4767 4795546 - - - 4768 - 
qs 4768 4796267 0x3ffbd2a0 0x3ffbd6cc 0 - trace_lg
qs 4768 4796275 0x3ffbd2a0 0x3ffb68d4 0 - trace_lg
t+ 4768 4796546 - - - 4769 - 
t+ 4769 4797546 - - - 4770 - 
t+ 4770 4798546 - - - 4771 - 
qs 4771 4798958 0x3ffbd2a0 0x3ffbd6cc 0 - trace_lg
qs 4771 4798966 0x3ffbd2a0 0x3ffb68d4 0 - trace_lg
t+ 4771 4799546 - - - 4772 - 
t+ 4772 4800546 - - - 4773 - 
t+ 4773 4801546 - - - 4774 - 
t+ 4774 4802546 - - - 4775 - 
qs 4775 4803472 0x3ffbd2a0 0x3ffbd6cc 0 - trace_lg
qs 4775 4803480 0x3ffbd2a0 0x3ffb68d4 0 - trace_lg
t+ 4775 4803546 - - - 4776 - 
t+ 4776 4804546 - - - 4777 - 
t+ 4777 4805546 - - - 4778 - 
t+ 4778 4806546 - - - 4779 - 
t+ 4779 4807546 - - - 4780 - 
qs 4780 4807986 0x3ffbd2a0 0x3ffbd6cc 0 - trace_lg
qs 4780 4807993 0x3ffbd2a0 0x3ffb68d4 0 - trace_lg
t+ 4780 4808546 - - - 4781 - 
t+ 4781 4809546 - - - 4782 - 
t+ 4782 4810546 - - - 4783 - 
qs 4783 4810677 0x3ffbd2a0 0x3ffbd6cc 0 - trace_lg
qs 4783 4810684 0x3ffbd2a0 0x3ffb68d4 0 - trace_lg
t+ 4783 4811546 - - - 4784 - 
t+ 4784 4812546 - - - 4785 - 
qs 4785 4813368 0x3ffbd2a0 0x3ffbd6cc 0 - trace_lg
qs 4785 4813375 0x3ffbd2a0 0x3ffb68d4 0 - trace_lg
t+ 4785 4813546 - - - 4786 - 
t+ 4786 4814546 - - - 4787 - 
t+ 4787 4815546 - - - 4788 - 
t+ 5076 5104546 - - - 5077 - 
t+ 5077 5105546 - - - 5078 - 
qs 5078 5105813 0x3ffbd2a0 0x3ffbd6cc 0 - trace_lg
qs 5078 5105820 0x3ffbd2a0 0x3ffb68d4 0 - trace_lg
t+ 5078 5106546 - - - 5079 - 
t+ 5079 5107546 - - - 5080 - 
qs 5080 5108504 0x3ffbd2a0 0x3ffbd6cc 0 - trace_lg
qs 5080 5108511 0x3ffbd2a0 0x3ffb68d4 0 - trace_lg
t+ 5080 5108546 - - - 5081 - 
t+ 5081 5109546 - - - 5082 - 
t+ 5082 5110546 - - - 5083 - 
qs 5083 5111195 0x3ffbd2a0 0x3ffbd6cc 0 - trace_lg
qs 5083 5111202 0x3ffbd2a0 0x3ffb68d4 0 - trace_lg
t+ 5083 5111546 - - - 5084 - 
t+ 5084 5112546 - - - 5085 - 
t+ 5085 5113546 - - - 5086 - 
t+ 5086 5114546 - - - 5087 - 
t+ 5087 5115546 - - - 5088 - 
qs 5088 5115709 0x3ffbd2a0 0x3ffbd6cc 0 - trace_lg
qs 5088 5115716 0x3ffbd2a0 0x3ffb68d4 0 - trace_lg
t+ 5088 5116546 - - - 5089 - 
t+ 5089 5117546 - - - 5090 - 
t+ 5090 5118546 - - - 5091 - 
t+ 5091 5119546 - - - 5092 - 
qs 5092 5120223 0x3ffbd2a0 0x3ffbd6cc 0 - trace_lg
qs 5092 5120230 0x3ffbd2a0 0x3ffb68d4 0 - trace_lg
t+ 5092 5120546 - - - 5093 - 
t+ 5093 5121546 - - - 5094 - 
t+ 5094 5122546 - - - 5095 - 
qs 5095 5122914 0x3ffbd2a0 0x3ffbd6cc 0 - trace_lg
qs 5095 5122921 0x3ffbd2a0 0x3ffb68d4 0 - trace_lg
t+ 5095 5123546 - - - 5096 - 
t+ 5096 5124546 - - - 5097 - 
t+ 5097 5125546 - - - 5098 - 
qs 5098 5125605 0x3ffbd2a0 0x3ffbd6cc 0 - trace_lg
qs 5098 5125612 0x3ffbd2a0 0x3ffb68d4 0 - trace_lg
t+ 5098 5126546 - - - 5099 - 
t+ 5099 5127546 - - - 5100 - 
t+ 5100 5128546 - - - 5101 - 
t+ 5101 5129546 - - - 5102 - 
qs 5102 5130118 0x3ffbd2a0 0x3ffbd6cc 0 - trace_lg
qs 5102 5130126 0x3ffbd2a0 0x3ffb68d4 0 - trace_lg
t+ 5102 5130546 - - - 5103 - 
t+ 5103 5131546 - - - 5104 - 
to 5104 5131550 0x3ffbd2a0 - - - trace_lg 
ti 5104 5131553 0x3ffbad08 - - - reciever 
qr 5104 5131557 0x3ffbad08 0x3ffbd72c 4294967295 - reciever
tsu 5104 5131560 0x3ffbad08 - - 5204 reciever 
to 5104 5131568 0x3ffbad08 - - - reciever 
ti 5104 5131571 0x3ffbd2a0 - - - trace_lg 
t+ 5104 5132546 - - - 5105 - 
t+ 5105 5133546 - - - 5106 - 
t+ 5106 5134546 - - - 5107 - 
qs 5107 5134632 0x3ffbd2a0 0x3ffbd6cc 0 - trace_lg
qs 5107 5134640 0x3ffbd2a0 0x3ffb68d4 0 - trace_lg
t+ 5107 5135546 - - - 5108 - 
t+ 5108 5136546 - - - 5109 - 
to 5109 5136550 0x3ffbd2a0 - - - trace_lg 
ti 5109 5136553 0x3ffbd13c - - - sender 3 
qs 5109 5136574 0x3ffbd13c 0x3ffbd72c 0 - sender 3
tsu 5109 5136577 0x3ffbd13c - - 5409 sender 3 
to 5109 5136585 0x3ffbd13c - - - sender 3 
ti 5109 5136588 0x3ffbd2a0 - - - trace_lg 
qs 5109 5137323 0x3ffbd2a0 0x3ffbd6cc 0 - trace_lg
qs 5109 5137330 0x3ffbd2a0 0x3ffb68d4 0 - trace_lg
t+ 5109 5137546 - - - 5110 - 
t+ 5110 5138546 - - - 5111 - 
t+ 5111 5139546 - - - 5112 - 
qs 5112 5140014 0x3ffbd2a0 0x3ffbd6cc 0 - trace_lg
qs 5112 5140021 0x3ffbd2a0 0x3ffb68d4 0 - trace_lg
t+ 5112 5140546 - - - 5113 - 
to 5113 5140551 0x3ffbd2a0 - - - trace_lg 
ti 5113 5140553 0x3ffbbe70 - - - sender 1 
qsf 5113 5140574 0x3ffbbe70 0x3ffbd72c 0 - sender 1
tsu 5113 5140577 0x3ffbbe70 - - 5213 sender 1 
to 5113 5140585 0x3ffbbe70 - - - sender 1 
ti 5113 5140588 0x3ffbd2a0 - - - trace_lg 
t+ 5113 5141546 - - - 5114 - 
t+ 5114 5142546 - - - 5115 - 
qs 5115 5142705 0x3ffbd2a0 0x3ffbd6cc 0 - trace_lg
qs 5115 5142712 0x3ffbd2a0 0x3ffb68d4 0 - trace_lg
t+ 5115 5143546 - - - 5116 - 
t+ 5116 5144546 - - - 5117 - 
t+ 5117 5145546 - - - 5118 - 
t+ 5118 5146546 - - - 5119 - 
qs 5119 5147219 0x3ffbd2a0 0x3ffbd6cc 0 - trace_lg
qs 5119 5147226 0x3ffbd2a0 0x3ffb68d4 0 - trace_lg
t+ 5119 5147546 - - - 5120 - 
t+ 5120 5148546 - - - 5121 - 
t+ 5121 5149546 - - - 5122 - 
t+ 5122 5150546 - - - 5123 - 
t+ 5123 5151546 - - - 5124 - 
qs 5124 5151733 0x3ffbd2a0 0x3ffbd6cc 0 - trace_lg
qs 5124 5151740 0x3ffbd2a0 0x3ffb68d4 0 - trace_lg
t+ 5124 5152546 - - - 5125 - 
t+ 5125 5153546 - - - 5126 - 
qs 5126 5154424 0x3ffbd2a0 0x3ffbd6cc 0 - trace_lg
qs 5126 5154431 0x3ffbd2a0 0x3ffb68d4 0 - trace_lg
qs 5420 5448518 0x3ffbd2a0 0x3ffbd6cc 0 - trace_lg
qs 5420 5448525 0x3ffbd2a0 0x3ffb68d4 0 - trace_lg
t+ 5420 5448546 - - - 5421 - 
t+ 5421 5449546 - - - 5422 - 
t+ 5422 5450546 - - - 5423 - 
t+ 5423 5451546 - - - 5424 - 
t+ 5424 5452546 - - - 5425 - 
qs 5425 5453032 0x3ffbd2a0 0x3ffbd6cc 0 - trace_lg
qs 5425 5453039 0x3ffbd2a0 0x3ffb68d4 0 - trace_lg
t+ 5425 5453546 - - - 5426 - 
t+ 5426 5454546 - - - 5427 - 
t+ 5427 5455546 - - - 5428 - 
t+ 5428 5456546 - - - 5429 - 
t+ 5429 5457546 - - - 5430 - 
qs 5430 5457551 0x3ffbd2a0 0x3ffbd6cc 0 - trace_lg
qs 5430 5457559 0x3ffbd2a0 0x3ffb68d4 0 - trace_lg
t+ 5430 5458546 - - - 5431 - 
t+ 5431 5459546 - - - 5432 - 
qs 5432 5460237 0x3ffbd2a0 0x3ffbd6cc 0 - trace_lg
qs 5432 5460244 0x3ffbd2a0 0x3ffb68d4 0 - trace_lg
t+ 5432 5460546 - - - 5433 - 
t+ 5433 5461546 - - - 5434 - 
t+ 5434 5462546 - - - 5435 - 
qs 5435 5462928 0x3ffbd2a0 0x3ffbd6cc 0 - trace_lg
qs 5435 5462935 0x3ffbd2a0 0x3ffb68d4 0 - trace_lg
t+ 5435 5463546 - - - 5436 - 
t+ 5436 5464546 - - - 5437 - 
t+ 5437 5465546 - - - 5438 - 
qs 5438 5465619 0x3ffbd2a0 0x3ffbd6cc 0 - trace_lg
qs 5438 5465626 0x3ffbd2a0 0x3ffb68d4 0 - trace_lg
t+ 5438 5466546 - - - 5439 - 
t+ 5439 5467546 - - - 5440 - 
qs 5440 5468309 0x3ffbd2a0 0x3ffbd6cc 0 - trace_lg
qs 5440 5468317 0x3ffbd2a0 0x3ffb68d4 0 - trace_lg
t+ 5440 5468546 - - - 5441 - 
t+ 5441 5469546 - - - 5442 - 
t+ 5442 5470546 - - - 5443 - 
qs 5443 5471000 0x3ffbd2a0 0x3ffbd6cc 0 - trace_lg
qs 5443 5471008 0x3ffbd2a0 0x3ffb68d4 0 - trace_lg
t+ 5443 5471546 - - - 5444 - 
t+ 5444 5472546 - - - 5445 - 
t+ 5445 5473546 - - - 5446 - 
t+ 5446 5474546 - - - 5447 - 
qs 5447 5475514 0x3ffbd2a0 0x3ffbd6cc 0 - trace_lg
qs 5447 5475522 0x3ffbd2a0 0x3ffb68d4 0 - trace_lg
t+ 5447 5475546 - - - 5448 - 
t+ 5448 5476546 - - - 5449 - 
t+ 5449 5477546 - - - 5450 - 
t+ 5450 5478546 - - - 5451 - 
t+ 5451 5479546 - - - 5452 - 
qs 5452 5480028 0x3ffbd2a0 0x3ffbd6cc 0 - trace_lg
qs 5452 5480035 0x3ffbd2a0 0x3ffb68d4 0 - trace_lg
t+ 5452 5480546 - - - 5453 - 
t+ 5453 5481546 - - - 5454 - 
t+ 5454 5482546 - - - 5455 - 
qs 5455 5482719 0x3ffbd2a0 0x3ffbd6cc 0 - trace_lg
qs 5455 5482726 0x3ffbd2a0 0x3ffb68d4 0 - trace_lg
t+ 5455 5483546 - - - 5456 - 
t+ 5456 5484546 - - - 5457 - 
qs 5457 5485410 0x3ffbd2a0 0x3ffbd6cc 0 - trace_lg
qs 5457 5485417 0x3ffbd2a0 0x3ffb68d4 0 - trace_lg
t+ 5457 5485546 - - - 5458 - 
t+ 5458 5486546 - - - 5459 - 
t+ 5459 5487546 - - - 5460 - 
qs 5460 5488101 0x3ffbd2a0 0x3ffbd6cc 0 - trace_lg
qs 5460 5488108 0x3ffbd2a0 0x3ffb68d4 0 - trace_lg
t+ 5460 5488546 - - - 5461 - 
t+ 5461 5489546 - - - 5462 - 
t+ 5462 5490546 - - - 5463 - 
qs 5463 5490792 0x3ffbd2a0 0x3ffbd6cc 0 - trace_lg
qs 5463 5490799 0x3ffbd2a0 0x3ffb68d4 0 - trace_lg
t+ 5463 5491546 - - - 5464 - 
t+ 5464 5492546 - - - 5465 - 
qs 5465 5493483 0x3ffbd2a0 0x3ffbd6cc 0 - trace_lg
qs 5465 5493490 0x3ffbd2a0 0x3ffb68d4 0 - trace_lg
t+ 5465 5493546 - - - 5466 - 
t+ 5466 5494546 - - - 5467 - 
t+ 5467 5495546 - - - 5468 - 
t+ 5468 5496546 - - - 5469 - 
t+ 5469 5497546 - - - 5470 - 
qs 5470 5497997 0x3ffbd2a0 0x3ffbd6cc 0 - trace_lg
qs 5470 5498004 0x3ffbd2a0 0x3ffb68d4 0 - trace_lg
t+ 5470 5498546 - - - 5471 - 
t+ 5471 5499546 - - - 5472 - 
t+ 5472 5500546 - - - 5473 - 
t+ 5473 5501546 - - - 5474 - 
qs 5474 5502510 0x3ffbd2a0 0x3ffbd6cc 0 - trace_lg
qs 5474 5502518 0x3ffbd2a0 0x3ffb68d4 0 - trace_lg
t+ 5474 5502546 - - - 5475 - 
t+ 5475 5503546 - - - 5476 - 
t+ 5476 5504546 - - - 5477 - 
qs 5477 5505201 0x3ffbd2a0 0x3ffbd6cc 0 - trace_lg
qs 5477 5505209 0x3ffbd2a0 0x3ffb68d4 0 - trace_lg
t+ 5477 5505546 - - - 5478 - 
t+ 5478 5506546 - - - 5479 - 
t+ 5479 5507546 - - - 5480 - 
qs 5480 5507892 0x3ffbd2a0 0x3ffbd6cc 0 - trace_lg
qs 5480 5507900 0x3ffbd2a0 0x3ffb68d4 0 - trace_lg
t+ 5480 5508546 - - - 5481 - 
t+ 5481 5509546 - - - 5482 - 
t+ 5482 5510546 - - - 5483 - 
t+ 5483 5511546 - - - 5484 - 
==========================================

[0;32mI (6168) vPrinter: Log count: 2[0m

========== TRACE LOG (9167 entries) ==========
qs 6017 6044582 0x3ffbd2a0 0x3ffbd6cc 0 - trace_lg
qs 6017 6044634 0x3ffbd2a0 0x3ffbd6cc 0 - trace_lg
qs 6017 6044642 0x3ffbd2a0 0x3ffb68d4 0 - trace_lg
qs 6017 6044733 0x3ffbd2a0 0x3ffbd6cc 0 - trace_lg
qs 6017 6044740 0x3ffbd2a0 0x3ffb68d4 0 - trace_lg
t+ 6017 6045546 - - - 6018 - 
t+ 6018 6046546 - - - 6019 - 
qs 6019 6046796 0x3ffbd2a0 0x3ffbd6cc 0 - trace_lg
qs 6019 6046803 0x3ffbd2a0 0x3ffb68d4 0 - trace_lg
t+ 6019 6047546 - - - 6020 - 
t+ 6020 6048546 - - - 6021 - 
t+ 6021 6049546 - - - 6022 - 
t+ 6022 6050546 - - - 6023 - 
qs 6023 6051310 0x3ffbd2a0 0x3ffbd6cc 0 - trace_lg
qs 6023 6051317 0x3ffbd2a0 0x3ffb68d4 0 - trace_lg
t+ 6023 6051546 - - - 6024 - 
t+ 6024 6052546 - - - 6025 - 
t+ 6025 6053546 - - - 6026 - 
t+ 6026 6054546 - - - 6027 - 
t+ 6027 6055546 - - - 6028 - 
qs 6028 6055824 0x3ffbd2a0 0x3ffbd6cc 0 - trace_lg
qs 6028 6055831 0x3ffbd2a0 0x3ffb68d4 0 - trace_lg
t+ 6028 6056546 - - - 6029 - 
t+ 6029 6057546 - - - 6030 - 
t+ 6030 6058546 - - - 6031 - 
t+ 6031 6059546 - - - 6032 - 
qs 6032 6060337 0x3ffbd2a0 0x3ffbd6cc 0 - trace_lg
qs 6032 6060345 0x3ffbd2a0 0x3ffb68d4 0 - trace_lg
t+ 6032 6060546 - - - 6033 - 
t+ 6033 6061546 - - - 6034 - 
t+ 6034 6062546 - - - 6035 - 
qs 6035 6063028 0x3ffbd2a0 0x3ffbd6cc 0 - trace_lg
qs 6035 6063036 0x3ffbd2a0 0x3ffb68d4 0 - trace_lg
t+ 6035 6063546 - - - 6036 - 
t+ 6036 6064546 - - - 6037 - 
t+ 6037 6065546 - - - 6038 - 
qs 6038 6065719 0x3ffbd2a0 0x3ffbd6cc 0 - trace_lg
qs 6038 6065727 0x3ffbd2a0 0x3ffb68d4 0 - trace_lg
t+ 6038 6066546 - - - 6039 - 
t+ 6039 6067546 - - - 6040 - 
t+ 6040 6068546 - - - 6041 - 
t+ 6041 6069546 - - - 6042 - 
qs 6042 6070233 0x3ffbd2a0 0x3ffbd6cc 0 - trace_lg
qs 6042 6070240 0x3ffbd2a0 0x3ffb68d4 0 - trace_lg
t+ 6042 6070546 - - - 6043 - 
t+ 6043 6071546 - - - 6044 - 
t+ 6044 6072546 - - - 6045 - 
t+ 6045 6073546 - - - 6046 - 
t+ 6046 6074546 - - - 6047 - 
qs 6047 6074747 0x3ffbd2a0 0x3ffbd6cc 0 - trace_lg
qs 6047 6074754 0x3ffbd2a0 0x3ffb68d4 0 - trace_lg
t+ 6047 6075546 - - - 6048 - 
t+ 6048 6076546 - - - 6049 - 
qs 6049 6077438 0x3ffbd2a0 0x3ffbd6cc 0 - trace_lg
qs 6049 6077445 0x3ffbd2a0 0x3ffb68d4 0 - trace_lg
t+ 6049 6077546 - - - 6050 - 
t+ 6050 6078546 - - - 6051 - 
t+ 6051 6079546 - - - 6052 - 
qs 6052 6080129 0x3ffbd2a0 0x3ffbd6cc 0 - trace_lg
qs 6052 6080136 0x3ffbd2a0 0x3ffb68d4 0 - trace_lg
t+ 6052 6080546 - - - 6053 - 
t+ 6053 6081546 - - - 6054 - 
t+ 6054 6082546 - - - 6055 - 
qs 6055 6082820 0x3ffbd2a0 0x3ffbd6cc 0 - trace_lg
qs 6055 6082827 0x3ffbd2a0 0x3ffb68d4 0 - trace_lg
t+ 6055 6083546 - - - 6056 - 
t+ 6056 6084546 - - - 6057 - 
qs 6057 6085511 0x3ffbd2a0 0x3ffbd6cc 0 - trace_lg
qs 6057 6085518 0x3ffbd2a0 0x3ffb68d4 0 - trace_lg
t+ 6057 6085546 - - - 6058 - 
t+ 6058 6086546 - - - 6059 - 
t+ 6059 6087546 - - - 6060 - 
t+ 6060 6088546 - - - 6061 - 
t+ 6061 6089546 - - - 6062 - 
qs 6062 6090025 0x3ffbd2a0 0x3ffbd6cc 0 - trace_lg
qs 6062 6090032 0x3ffbd2a0 0x3ffb68d4 0 - trace_lg
t+ 6062 6090546 - - - 6063 - 
t+ 6063 6091546 - - - 6064 - 
t+ 6064 6092546 - - - 6065 - 
t+ 6065 6093546 - - - 6066 - 
qs 6066 6094538 0x3ffbd2a0 0x3ffbd6cc 0 - trace_lg
t+ 6066 6094546 - - - 6067 - 
qs 6067 6094552 0x3ffbd2a0 0x3ffb68d4 0 - trace_lg
t+ 6067 6095546 - - - 6068 - 
t+ 6068 6096546 - - - 6069 - 
qs 6069 6097229 0x3ffbd2a0 0x3ffbd6cc 0 - trace_lg
qs 6069 6097237 0x3ffbd2a0 0x3ffb68d4 0 - trace_lg
t+ 6069 6097546 - - - 6070 - 
t+ 6070 6098546 - - - 6071 - 
t+ 6071 6099546 - - - 6072 - 
qs 6072 6099920 0x3ffbd2a0 0x3ffbd6cc 0 - trace_lg
qs 6072 6099928 0x3ffbd2a0 0x3ffb68d4 0 - trace_lg
t+ 6072 6100546 - - - 6073 - 
t+ 6073 6101546 - - - 6074 - 
t+ 6074 6102546 - - - 6075 - 
qs 6075 6102611 0x3ffbd2a0 0x3ffbd6cc 0 - trace_lg
qs 6075 6102619 0x3ffbd2a0 0x3ffb68d4 0 - trace_lg
t+ 6075 6103546 - - - 6076 - 
t+ 6076 6104546 - - - 6077 - 
qs 6077 6105302 0x3ffbd2a0 0x3ffbd6cc 0 - trace_lg
qs 6077 6105310 0x3ffbd2a0 0x3ffb68d4 0 - trace_lg
t+ 6077 6105546 - - - 6078 - 
t+ 6078 6106546 - - - 6079 - 
t+ 6079 6107546 - - - 6080 - 
qs 6080 6107993 0x3ffbd2a0 0x3ffbd6cc 0 - trace_lg
qs 6080 6108001 0x3ffbd2a0 0x3ffb68d4 0 - trace_lg
qs 6373 6401400 0x3ffbd2a0 0x3ffb68d4 0 - trace_lg
t+ 6373 6401546 - - - 6374 - 
t+ 6374 6402546 - - - 6375 - 
t+ 6375 6403546 - - - 6376 - 
t+ 6376 6404546 - - - 6377 - 
t+ 6377 6405546 - - - 6378 - 
qs 6378 6405907 0x3ffbd2a0 0x3ffbd6cc 0 - trace_lg
qs 6378 6405914 0x3ffbd2a0 0x3ffb68d4 0 - trace_lg
t+ 6378 6406546 - - - 6379 - 
t+ 6379 6407546 - - - 6380 - 
t+ 6380 6408546 - - - 6381 - 
qs 6381 6408598 0x3ffbd2a0 0x3ffbd6cc 0 - trace_lg
qs 6381 6408605 0x3ffbd2a0 0x3ffb68d4 0 - trace_lg
t+ 6381 6409546 - - - 6382 - 
t+ 6382 6410546 - - - 6383 - 
qs 6383 6411289 0x3ffbd2a0 0x3ffbd6cc 0 - trace_lg
qs 6383 6411296 0x3ffbd2a0 0x3ffb68d4 0 - trace_lg
t+ 6383 6411546 - - - 6384 - 
t+ 6384 6412546 - - - 6385 - 
t+ 6385 6413546 - - - 6386 - 
qs 6386 6413980 0x3ffbd2a0 0x3ffbd6cc 0 - trace_lg
qs 6386 6413987 0x3ffbd2a0 0x3ffb68d4 0 - trace_lg
t+ 6386 6414546 - - - 6387 - 
t+ 6387 6415546 - - - 6388 - 
t+ 6388 6416546 - - - 6389 - 
qs 6389 6416671 0x3ffbd2a0 0x3ffbd6cc 0 - trace_lg
qs 6389 6416678 0x3ffbd2a0 0x3ffb68d4 0 - trace_lg
t+ 6389 6417546 - - - 6390 - 
t+ 6390 6418546 - - - 6391 - 
qs 6391 6419362 0x3ffbd2a0 0x3ffbd6cc 0 - trace_lg
qs 6391 6419369 0x3ffbd2a0 0x3ffb68d4 0 - trace_lg
t+ 6391 6419546 - - - 6392 - 
t+ 6392 6420546 - - - 6393 - 
t+ 6393 6421546 - - - 6394 - 
t+ 6394 6422546 - - - 6395 - 
t+ 6395 6423546 - - - 6396 - 
qs 6396 6423876 0x3ffbd2a0 0x3ffbd6cc 0 - trace_lg
qs 6396 6423883 0x3ffbd2a0 0x3ffb68d4 0 - trace_lg
t+ 6396 6424546 - - - 6397 - 
t+ 6397 6425546 - - - 6398 - 
t+ 6398 6426546 - - - 6399 - 
t+ 6399 6427546 - - - 6400 - 
qs 6400 6428389 0x3ffbd2a0 0x3ffbd6cc 0 - trace_lg
qs 6400 6428397 0x3ffbd2a0 0x3ffb68d4 0 - trace_lg
t+ 6400 6428546 - - - 6401 - 
t+ 6401 6429546 - - - 6402 - 
t+ 6402 6430546 - - - 6403 - 
qs 6403 6431080 0x3ffbd2a0 0x3ffbd6cc 0 - trace_lg
qs 6403 6431088 0x3ffbd2a0 0x3ffb68d4 0 - trace_lg
t+ 6403 6431546 - - - 6404 - 
to 6404 6431551 0x3ffbd2a0 - - - trace_lg 
ti 6404 6431553 0x3ffbad08 - - - reciever 
qr 6404 6431557 0x3ffbad08 0x3ffbd72c 4294967295 - reciever
tsu 6404 6431560 0x3ffbad08 - - 6504 reciever 
to 6404 6431568 0x3ffbad08 - - - reciever 
ti 6404 6431571 0x3ffbd2a0 - - - trace_lg 
t+ 6404 6432546 - - - 6405 - 
t+ 6405 6433546 - - - 6406 - 
qs 6406 6433771 0x3ffbd2a0 0x3ffbd6cc 0 - trace_lg
qs 6406 6433778 0x3ffbd2a0 0x3ffb68d4 0 - trace_lg
t+ 6406 6434546 - - - 6407 - 
t+ 6407 6435546 - - - 6408 - 
qs 6408 6436462 0x3ffbd2a0 0x3ffbd6cc 0 - trace_lg
qs 6408 6436469 0x3ffbd2a0 0x3ffb68d4 0 - trace_lg
t+ 6408 6436546 - - - 6409 - 
to 6409 6436551 0x3ffbd2a0 - - - trace_lg 
ti 6409 6436553 0x3ffbcfd8 - - - sender 2 
qs 6409 6436574 0x3ffbcfd8 0x3ffbd72c 0 - sender 2
tsu 6409 6436578 0x3ffbcfd8 - - 6609 sender 2 
to 6409 6436586 0x3ffbcfd8 - - - sender 2 
ti 6409 6436588 0x3ffbd2a0 - - - trace_lg 
t+ 6409 6437546 - - - 6410 - 
t+ 6410 6438546 - - - 6411 - 
t+ 6411 6439546 - - - 6412 - 
t+ 6412 6440546 - - - 6413 - 
to 6413 6440550 0x3ffbd2a0 - - - trace_lg 
ti 6413 6440553 0x3ffbbe70 - - - sender 1 
qsf 6413 6440574 0x3ffbbe70 0x3ffbd72c 0 - sender 1
tsu 6413 6440577 0x3ffbbe70 - - 6513 sender 1 
to 6413 6440585 0x3ffbbe70 - - - sender 1 
ti 6413 6440587 0x3ffbd2a0 - - - trace_lg 
qs 6413 6440976 0x3ffbd2a0 0x3ffbd6cc 0 - trace_lg
qs 6413 6440983 0x3ffbd2a0 0x3ffb68d4 0 - trace_lg
t+ 6413 6441546 - - - 6414 - 
t+ 6414 6442546 - - - 6415 - 
t+ 6415 6443546 - - - 6416 - 
t+ 6416 6444546 - - - 6417 - 
qs 6417 6445490 0x3ffbd2a0 0x3ffbd6cc 0 - trace_lg
qs 6417 6445497 0x3ffbd2a0 0x3ffb68d4 0 - trace_lg
t+ 6417 6445546 - - - 6418 - 
t+ 6418 6446546 - - - 6419 - 
t+ 6419 6447546 - - - 6420 - 
qs 6420 6448181 0x3ffbd2a0 0x3ffbd6cc 0 - trace_lg
qs 6420 6448188 0x3ffbd2a0 0x3ffb68d4 0 - trace_lg
t+ 6420 6448546 - - - 6421 - 
t+ 6421 6449546 - - - 6422 - 
t+ 6422 6450546 - - - 6423 - 
qs 6423 6450872 0x3ffbd2a0 0x3ffbd6cc 0 - trace_lg
qs 6423 6450879 0x3ffbd2a0 0x3ffb68d4 0 - trace_lg
t+ 6423 6451546 - - - 6424 - 
t+ 6722 6750546 - - - 6723 - 
qs 6723 6751303 0x3ffbd2a0 0x3ffbd6cc 0 - trace_lg
qs 6723 6751310 0x3ffbd2a0 0x3ffb68d4 0 - trace_lg
t+ 6723 6751546 - - - 6724 - 
t+ 6724 6752546 - - - 6725 - 
t+ 6725 6753546 - - - 6726 - 
qs 6726 6753994 0x3ffbd2a0 0x3ffbd6cc 0 - trace_lg
qs 6726 6754001 0x3ffbd2a0 0x3ffb68d4 0 - trace_lg
t+ 6726 6754546 - - - 6727 - 
t+ 6727 6755546 - - - 6728 - 
t+ 6728 6756546 - - - 6729 - 
t+ 6729 6757546 - - - 6730 - 
qs 6730 6758508 0x3ffbd2a0 0x3ffbd6cc 0 - trace_lg
qs 6730 6758515 0x3ffbd2a0 0x3ffb68d4 0 - trace_lg
t+ 6730 6758546 - - - 6731 - 
t+ 6731 6759546 - - - 6732 - 
t+ 6732 6760546 - - - 6733 - 
t+ 6733 6761546 - - - 6734 - 
t+ 6734 6762546 - - - 6735 - 
qs 6735 6763021 0x3ffbd2a0 0x3ffbd6cc 0 - trace_lg
qs 6735 6763029 0x3ffbd2a0 0x3ffb68d4 0 - trace_lg
t+ 6735 6763546 - - - 6736 - 
t+ 6736 6764546 - - - 6737 - 
t+ 6737 6765546 - - - 6738 - 
qs 6738 6765712 0x3ffbd2a0 0x3ffbd6cc 0 - trace_lg
qs 6738 6765720 0x3ffbd2a0 0x3ffb68d4 0 - trace_lg
t+ 6738 6766546 - - - 6739 - 
t+ 6739 6767546 - - - 6740 - 
qs 6740 6768403 0x3ffbd2a0 0x3ffbd6cc 0 - trace_lg
qs 6740 6768411 0x3ffbd2a0 0x3ffb68d4 0 - trace_lg
t+ 6740 6768546 - - - 6741 - 
t+ 6741 6769546 - - - 6742 - 
t+ 6742 6770546 - - - 6743 - 
qs 6743 6771094 0x3ffbd2a0 0x3ffbd6cc 0 - trace_lg
qs 6743 6771102 0x3ffbd2a0 0x3ffb68d4 0 - trace_lg
t+ 6743 6771546 - - - 6744 - 
t+ 6744 6772546 - - - 6745 - 
t+ 6745 6773546 - - - 6746 - 
t+ 6746 6774546 - - - 6747 - 
t+ 6747 6775546 - - - 6748 - 
qs 6748 6775608 0x3ffbd2a0 0x3ffbd6cc 0 - trace_lg
qs 6748 6775615 0x3ffbd2a0 0x3ffb68d4 0 - trace_lg
t+ 6748 6776546 - - - 6749 - 
t+ 6749 6777546 - - - 6750 - 
t+ 6750 6778546 - - - 6751 - 
t+ 6751 6779546 - - - 6752 - 
qs 6752 6780122 0x3ffbd2a0 0x3ffbd6cc 0 - trace_lg
qs 6752 6780129 0x3ffbd2a0 0x3ffb68d4 0 - trace_lg
t+ 6752 6780546 - - - 6753 - 
t+ 6753 6781546 - - - 6754 - 
t+ 6754 6782546 - - - 6755 - 
qs 6755 6782813 0x3ffbd2a0 0x3ffbd6cc 0 - trace_lg
qs 6755 6782820 0x3ffbd2a0 0x3ffb68d4 0 - trace_lg
t+ 6755 6783546 - - - 6756 - 
t+ 6756 6784546 - - - 6757 - 
qs 6757 6785504 0x3ffbd2a0 0x3ffbd6cc 0 - trace_lg
qs 6757 6785511 0x3ffbd2a0 0x3ffb68d4 0 - trace_lg
t+ 6757 6785546 - - - 6758 - 
t+ 6758 6786546 - - - 6759 - 
t+ 6759 6787546 - - - 6760 - 
qs 6760 6788195 0x3ffbd2a0 0x3ffbd6cc 0 - trace_lg
qs 6760 6788202 0x3ffbd2a0 0x3ffb68d4 0 - trace_lg
t+ 6760 6788546 - - - 6761 - 
t+ 6761 6789546 - - - 6762 - 
t+ 6762 6790546 - - - 6763 - 
qs 6763 6790886 0x3ffbd2a0 0x3ffbd6cc 0 - trace_lg
qs 6763 6790893 0x3ffbd2a0 0x3ffb68d4 0 - trace_lg
t+ 6763 6791546 - - - 6764 - 
t+ 6764 6792546 - - - 6765 - 
t+ 6765 6793546 - - - 6766 - 
t+ 6766 6794546 - - - 6767 - 
qs 6767 6795400 0x3ffbd2a0 0x3ffbd6cc 0 - trace_lg
qs 6767 6795407 0x3ffbd2a0 0x3ffb68d4 0 - trace_lg
t+ 6767 6795546 - - - 6768 - 
t+ 6768 6796546 - - - 6769 - 
t+ 6769 6797546 - - - 6770 - 
t+ 6770 6798546 - - - 6771 - 
t+ 6771 6799546 - - - 6772 - 
qs 6772 6799913 0x3ffbd2a0 0x3ffbd6cc 0 - trace_lg
qs 6772 6799921 0x3ffbd2a0 0x3ffb68d4 0 - trace_lg
t+ 6772 6800546 - - - 6773 - 
t+ 6773 6801546 - - - 6774 - 
t+ 6774 6802546 - - - 6775 - 
qs 6775 6802604 0x3ffbd2a0 0x3ffbd6cc 0 - trace_lg
qs 6775 6802612 0x3ffbd2a0 0x3ffb68d4 0 - trace_lg
t+ 6775 6803546 - - - 6776 - 
t+ 6776 6804546 - - - 6777 - 
qs 6777 6805295 0x3ffbd2a0 0x3ffbd6cc 0 - trace_lg
qs 6777 6805303 0x3ffbd2a0 0x3ffb68d4 0 - trace_lg
t+ 6777 6805546 - - - 6778 - 
t+ 6778 6806546 - - - 6779 - 
t+ 6779 6807546 - - - 6780 - 
qs 6780 6807986 0x3ffbd2a0 0x3ffbd6cc 0 - trace_lg
qs 6780 6807993 0x3ffbd2a0 0x3ffb68d4 0 - trace_lg
t+ 6780 6808546 - - - 6781 - 
t+ 6781 6809546 - - - 6782 - 
t+ 6782 6810546 - - - 6783 - 
qs 6783 6810677 0x3ffbd2a0 0x3ffbd6cc 0 - trace_lg
qs 6783 6810685 0x3ffbd2a0 0x3ffb68d4 0 - trace_lg
t+ 6783 6811546 - - - 6784 - 
t+ 6784 6812546 - - - 6785 - 
qs 6785 6813368 0x3ffbd2a0 0x3ffbd6cc 0 - trace_lg
qs 6785 6813375 0x3ffbd2a0 0x3ffb68d4 0 - trace_lg
t+ 6785 6813546 - - - 6786 - 
qs 7076 7104077 0x3ffbd2a0 0x3ffbd6cc 0 - trace_lg
qs 7076 7104084 0x3ffbd2a0 0x3ffb68d4 0 - trace_lg
t+ 7076 7104546 - - - 7077 - 
t+ 7077 7105546 - - - 7078 - 
t+ 7078 7106546 - - - 7079 - 
t+ 7079 7107546 - - - 7080 - 
t+ 7080 7108546 - - - 7081 - 
qs 7081 7108591 0x3ffbd2a0 0x3ffbd6cc 0 - trace_lg
qs 7081 7108598 0x3ffbd2a0 0x3ffb68d4 0 - trace_lg
t+ 7081 7109546 - - - 7082 - 
t+ 7082 7110546 - - - 7083 - 
t+ 7083 7111546 - - - 7084 - 
t+ 7084 7112546 - - - 7085 - 
qs 7085 7113105 0x3ffbd2a0 0x3ffbd6cc 0 - trace_lg
qs 7085 7113112 0x3ffbd2a0 0x3ffb68d4 0 - trace_lg
t+ 7085 7113546 - - - 7086 - 
t+ 7086 7114546 - - - 7087 - 
t+ 7087 7115546 - - - 7088 - 
qs 7088 7115796 0x3ffbd2a0 0x3ffbd6cc 0 - trace_lg
qs 7088 7115803 0x3ffbd2a0 0x3ffb68d4 0 - trace_lg
t+ 7088 7116546 - - - 7089 - 
t+ 7089 7117546 - - - 7090 - 
qs 7090 7118487 0x3ffbd2a0 0x3ffbd6cc 0 - trace_lg
qs 7090 7118494 0x3ffbd2a0 0x3ffb68d4 0 - trace_lg
t+ 7090 7118546 - - - 7091 - 
t+ 7091 7119546 - - - 7092 - 
t+ 7092 7120546 - - - 7093 - 
qs 7093 7121177 0x3ffbd2a0 0x3ffbd6cc 0 - trace_lg
qs 7093 7121185 0x3ffbd2a0 0x3ffb68d4 0 - trace_lg
t+ 7093 7121546 - - - 7094 - 
t+ 7094 7122546 - - - 7095 - 
t+ 7095 7123546 - - - 7096 - 
qs 7096 7123869 0x3ffbd2a0 0x3ffbd6cc 0 - trace_lg
qs 7096 7123876 0x3ffbd2a0 0x3ffb68d4 0 - trace_lg
t+ 7096 7124546 - - - 7097 - 
t+ 7097 7125546 - - - 7098 - 
t+ 7098 7126546 - - - 7099 - 
qs 7099 7126560 0x3ffbd2a0 0x3ffbd6cc 0 - trace_lg
qs 7099 7126567 0x3ffbd2a0 0x3ffb68d4 0 - trace_lg
t+ 7099 7127546 - - - 7100 - 
t+ 7100 7128546 - - - 7101 - 
t+ 7101 7129546 - - - 7102 - 
t+ 7102 7130546 - - - 7103 - 
qs 7103 7131073 0x3ffbd2a0 0x3ffbd6cc 0 - trace_lg
qs 7103 7131081 0x3ffbd2a0 0x3ffb68d4 0 - trace_lg
t+ 7103 7131546 - - - 7104 - 
to 7104 7131551 0x3ffbd2a0 - - - trace_lg 
ti 7104 7131553 0x3ffbad08 - - - reciever 
qr 7104 7131557 0x3ffbad08 0x3ffbd72c 4294967295 - reciever
tsu 7104 7131560 0x3ffbad08 - - 7204 reciever 
to 7104 7131568 0x3ffbad08 - - - reciever 
ti 7104 7131571 0x3ffbd2a0 - - - trace_lg 
t+ 7104 7132546 - - - 7105 - 
t+ 7105 7133546 - - - 7106 - 
t+ 7106 7134546 - - - 7107 - 
t+ 7107 7135546 - - - 7108 - 
qs 7108 7135587 0x3ffbd2a0 0x3ffbd6cc 0 - trace_lg
qs 7108 7135595 0x3ffbd2a0 0x3ffb68d4 0 - trace_lg
t+ 7108 7136546 - - - 7109 - 
t+ 7109 7137546 - - - 7110 - 
qs 7110 7138278 0x3ffbd2a0 0x3ffbd6cc 0 - trace_lg
qs 7110 7138285 0x3ffbd2a0 0x3ffb68d4 0 - trace_lg
t+ 7110 7138546 - - - 7111 - 
t+ 7111 7139546 - - - 7112 - 
t+ 7112 7140546 - - - 7113 - 
to 7113 7140550 0x3ffbd2a0 - - - trace_lg 
ti 7113 7140553 0x3ffbbe70 - - - sender 1 
qs 7113 7140574 0x3ffbbe70 0x3ffbd72c 0 - sender 1
tsu 7113 7140577 0x3ffbbe70 - - 7213 sender 1 
to 7113 7140585 0x3ffbbe70 - - - sender 1 
ti 7113 7140588 0x3ffbd2a0 - - - trace_lg 
qs 7113 7140969 0x3ffbd2a0 0x3ffbd6cc 0 - trace_lg
qs 7113 7140976 0x3ffbd2a0 0x3ffb68d4 0 - trace_lg
t+ 7113 7141546 - - - 7114 - 
t+ 7114 7142546 - - - 7115 - 
t+ 7115 7143546 - - - 7116 - 
qs 7116 7143660 0x3ffbd2a0 0x3ffbd6cc 0 - trace_lg
qs 7116 7143667 0x3ffbd2a0 0x3ffb68d4 0 - trace_lg
t+ 7116 7144546 - - - 7117 - 
t+ 7117 7145546 - - - 7118 - 
qs 7118 7146351 0x3ffbd2a0 0x3ffbd6cc 0 - trace_lg
qs 7118 7146358 0x3ffbd2a0 0x3ffb68d4 0 - trace_lg
t+ 7118 7146546 - - - 7119 - 
t+ 7119 7147546 - - - 7120 - 
t+ 7120 7148546 - - - 7121 - 
t+ 7121 7149546 - - - 7122 - 
t+ 7122 7150546 - - - 7123 - 
qs 7123 7150865 0x3ffbd2a0 0x3ffbd6cc 0 - trace_lg
qs 7123 7150872 0x3ffbd2a0 0x3ffb68d4 0 - trace_lg
t+ 7123 7151546 - - - 7124 - 
t+ 7124 7152546 - - - 7125 - 
t+ 7125 7153546 - - - 7126 - 
t+ 7126 7154546 - - - 7127 - 
qs 7127 7155379 0x3ffbd2a0 0x3ffbd6cc 0 - trace_lg
qs 7127 7155386 0x3ffbd2a0 0x3ffb68d4 0 - trace_lg
t+ 7127 7155546 - - - 7128 - 
t+ 7128 7156546 - - - 7129 - 
t+ 7129 7157546 - - - 7130 - 
qs 7130 7158070 0x3ffbd2a0 0x3ffbd6cc 0 - trace_lg
qs 7130 7158077 0x3ffbd2a0 0x3ffb68d4 0 - trace_lg
qs 7424 7451556 0x3ffbd2a0 0x3ffbd6cc 0 - trace_lg
qs 7424 7451564 0x3ffbd2a0 0x3ffb68d4 0 - trace_lg
t+ 7424 7452546 - - - 7425 - 
t+ 7425 7453546 - - - 7426 - 
t+ 7426 7454546 - - - 7427 - 
t+ 7427 7455546 - - - 7428 - 
qs 7428 7456070 0x3ffbd2a0 0x3ffbd6cc 0 - trace_lg
qs 7428 7456077 0x3ffbd2a0 0x3ffb68d4 0 - trace_lg
t+ 7428 7456546 - - - 7429 - 
t+ 7429 7457546 - - - 7430 - 
t+ 7430 7458546 - - - 7431 - 
t+ 7431 7459546 - - - 7432 - 
t+ 7432 7460546 - - - 7433 - 
qs 7433 7460584 0x3ffbd2a0 0x3ffbd6cc 0 - trace_lg
qs 7433 7460591 0x3ffbd2a0 0x3ffb68d4 0 - trace_lg
t+ 7433 7461546 - - - 7434 - 
t+ 7434 7462546 - - - 7435 - 
qs 7435 7463275 0x3ffbd2a0 0x3ffbd6cc 0 - trace_lg
qs 7435 7463282 0x3ffbd2a0 0x3ffb68d4 0 - trace_lg
t+ 7435 7463546 - - - 7436 - 
t+ 7436 7464546 - - - 7437 - 
t+ 7437 7465546 - - - 7438 - 
qs 7438 7465966 0x3ffbd2a0 0x3ffbd6cc 0 - trace_lg
qs 7438 7465973 0x3ffbd2a0 0x3ffb68d4 0 - trace_lg
t+ 7438 7466546 - - - 7439 - 
t+ 7439 7467546 - - - 7440 - 
t+ 7440 7468546 - - - 7441 - 
qs 7441 7468657 0x3ffbd2a0 0x3ffbd6cc 0 - trace_lg
qs 7441 7468664 0x3ffbd2a0 0x3ffb68d4 0 - trace_lg
t+ 7441 7469546 - - - 7442 - 
t+ 7442 7470546 - - - 7443 - 
qs 7443 7471348 0x3ffbd2a0 0x3ffbd6cc 0 - trace_lg
qs 7443 7471355 0x3ffbd2a0 0x3ffb68d4 0 - trace_lg
t+ 7443 7471546 - - - 7444 - 
t+ 7444 7472546 - - - 7445 - 
t+ 7445 7473546 - - - 7446 - 
t+ 7446 7474546 - - - 7447 - 
t+ 7447 7475546 - - - 7448 - 
qs 7448 7475861 0x3ffbd2a0 0x3ffbd6cc 0 - trace_lg
qs 7448 7475869 0x3ffbd2a0 0x3ffb68d4 0 - trace_lg
t+ 7448 7476546 - - - 7449 - 
t+ 7449 7477546 - - - 7450 - 
t+ 7450 7478546 - - - 7451 - 
t+ 7451 7479546 - - - 7452 - 
qs 7452 7480375 0x3ffbd2a0 0x3ffbd6cc 0 - trace_lg
qs 7452 7480383 0x3ffbd2a0 0x3ffb68d4 0 - trace_lg
t+ 7452 7480546 - - - 7453 - 
t+ 7453 7481546 - - - 7454 - 
t+ 7454 7482546 - - - 7455 - 
qs 7455 7483066 0x3ffbd2a0 0x3ffbd6cc 0 - trace_lg
qs 7455 7483074 0x3ffbd2a0 0x3ffb68d4 0 - trace_lg
t+ 7455 7483546 - - - 7456 - 
t+ 7456 7484546 - - - 7457 - 
t+ 7457 7485546 - - - 7458 - 
qs 7458 7485757 0x3ffbd2a0 0x3ffbd6cc 0 - trace_lg
qs 7458 7485764 0x3ffbd2a0 0x3ffb68d4 0 - trace_lg
t+ 7458 7486546 - - - 7459 - 
t+ 7459 7487546 - - - 7460 - 
qs 7460 7488448 0x3ffbd2a0 0x3ffbd6cc 0 - trace_lg
qs 7460 7488455 0x3ffbd2a0 0x3ffb68d4 0 - trace_lg
t+ 7460 7488546 - - - 7461 - 
t+ 7461 7489546 - - - 7462 - 
t+ 7462 7490546 - - - 7463 - 
qs 7463 7491139 0x3ffbd2a0 0x3ffbd6cc 0 - trace_lg
qs 7463 7491146 0x3ffbd2a0 0x3ffb68d4 0 - trace_lg
t+ 7463 7491546 - - - 7464 - 
t+ 7464 7492546 - - - 7465 - 
t+ 7465 7493546 - - - 7466 - 
qs 7466 7493830 0x3ffbd2a0 0x3ffbd6cc 0 - trace_lg
qs 7466 7493837 0x3ffbd2a0 0x3ffb68d4 0 - trace_lg
t+ 7466 7494546 - - - 7467 - 
t+ 7467 7495546 - - - 7468 - 
t+ 7468 7496546 - - - 7469 - 
t+ 7469 7497546 - - - 7470 - 
qs 7470 7498344 0x3ffbd2a0 0x3ffbd6cc 0 - trace_lg
qs 7470 7498351 0x3ffbd2a0 0x3ffb68d4 0 - trace_lg
t+ 7470 7498546 - - - 7471 - 
t+ 7471 7499546 - - - 7472 - 
t+ 7472 7500546 - - - 7473 - 
t+ 7473 7501546 - - - 7474 - 
t+ 7474 7502546 - - - 7475 - 
qs 7475 7502858 0x3ffbd2a0 0x3ffbd6cc 0 - trace_lg
qs 7475 7502865 0x3ffbd2a0 0x3ffb68d4 0 - trace_lg
t+ 7475 7503546 - - - 7476 - 
t+ 7476 7504546 - - - 7477 - 
t+ 7477 7505546 - - - 7478 - 
qs 7478 7505551 0x3ffbd2a0 0x3ffbd6cc 0 - trace_lg
qs 7478 7505559 0x3ffbd2a0 0x3ffb68d4 0 - trace_lg
t+ 7478 7506546 - - - 7479 - 
t+ 7479 7507546 - - - 7480 - 
qs 7480 7508240 0x3ffbd2a0 0x3ffbd6cc 0 - trace_lg
qs 7480 7508247 0x3ffbd2a0 0x3ffb68d4 0 - trace_lg
t+ 7480 7508546 - - - 7481 - 
t+ 7481 7509546 - - - 7482 - 
t+ 7482 7510546 - - - 7483 - 
t+ 7483 7511546 - - - 7484 - 
t+ 7484 7512546 - - - 7485 - 
qs 7485 7512753 0x3ffbd2a0 0x3ffbd6cc 0 - trace_lg
qs 7485 7512761 0x3ffbd2a0 0x3ffb68d4 0 - trace_lg
t+ 7485 7513546 - - - 7486 - 
t+ 7486 7514546 - - - 7487 - 
t+ 7487 7515546 - - - 7488 - 
==========================================

[0;32mI (8171) vPrinter: Log count: 3[0m

========== TRACE LOG (12535 entries) ==========
qs 8017 8044583 0x3ffbd2a0 0x3ffbd6cc 0 - trace_lg
qs 8017 8044636 0x3ffbd2a0 0x3ffbd6cc 0 - trace_lg
qs 8017 8044643 0x3ffbd2a0 0x3ffb68d4 0 - trace_lg
qs 8017 8044734 0x3ffbd2a0 0x3ffbd6cc 0 - trace_lg
qs 8017 8044741 0x3ffbd2a0 0x3ffb68d4 0 - trace_lg
t+ 8017 8045546 - - - 8018 - 
t+ 8018 8046546 - - - 8019 - 
qs 8019 8046883 0x3ffbd2a0 0x3ffbd6cc 0 - trace_lg
qs 8019 8046891 0x3ffbd2a0 0x3ffb68d4 0 - trace_lg
t+ 8019 8047546 - - - 8020 - 
t+ 8020 8048546 - - - 8021 - 
t+ 8021 8049546 - - - 8022 - 
t+ 8022 8050546 - - - 8023 - 
qs 8023 8051397 0x3ffbd2a0 0x3ffbd6cc 0 - trace_lg
qs 8023 8051405 0x3ffbd2a0 0x3ffb68d4 0 - trace_lg
t+ 8023 8051546 - - - 8024 - 
t+ 8024 8052546 - - - 8025 - 
t+ 8025 8053546 - - - 8026 - 
t+ 8026 8054546 - - - 8027 - 
t+ 8027 8055546 - - - 8028 - 
qs 8028 8055911 0x3ffbd2a0 0x3ffbd6cc 0 - trace_lg
qs 8028 8055918 0x3ffbd2a0 0x3ffb68d4 0 - trace_lg
t+ 8028 8056546 - - - 8029 - 
t+ 8029 8057546 - - - 8030 - 
t+ 8030 8058546 - - - 8031 - 
t+ 8031 8059546 - - - 8032 - 
qs 8032 8060425 0x3ffbd2a0 0x3ffbd6cc 0 - trace_lg
qs 8032 8060432 0x3ffbd2a0 0x3ffb68d4 0 - trace_lg
t+ 8032 8060546 - - - 8033 - 
t+ 8033 8061546 - - - 8034 - 
t+ 8034 8062546 - - - 8035 - 
qs 8035 8063116 0x3ffbd2a0 0x3ffbd6cc 0 - trace_lg
qs 8035 8063123 0x3ffbd2a0 0x3ffb68d4 0 - trace_lg
t+ 8035 8063546 - - - 8036 - 
t+ 8036 8064546 - - - 8037 - 
t+ 8037 8065546 - - - 8038 - 
qs 8038 8065807 0x3ffbd2a0 0x3ffbd6cc 0 - trace_lg
qs 8038 8065814 0x3ffbd2a0 0x3ffb68d4 0 - trace_lg
t+ 8038 8066546 - - - 8039 - 
t+ 8039 8067546 - - - 8040 - 
t+ 8040 8068546 - - - 8041 - 
t+ 8041 8069546 - - - 8042 - 
qs 8042 8070321 0x3ffbd2a0 0x3ffbd6cc 0 - trace_lg
qs 8042 8070328 0x3ffbd2a0 0x3ffb68d4 0 - trace_lg
t+ 8042 8070546 - - - 8043 - 
t+ 8043 8071546 - - - 8044 - 
t+ 8044 8072546 - - - 8045 - 
t+ 8045 8073546 - - - 8046 - 
t+ 8046 8074546 - - - 8047 - 
qs 8047 8074834 0x3ffbd2a0 0x3ffbd6cc 0 - trace_lg
qs 8047 8074842 0x3ffbd2a0 0x3ffb68d4 0 - trace_lg
t+ 8047 8075546 - - - 8048 - 
t+ 8048 8076546 - - - 8049 - 
qs 8049 8077525 0x3ffbd2a0 0x3ffbd6cc 0 - trace_lg
qs 8049 8077533 0x3ffbd2a0 0x3ffb68d4 0 - trace_lg
t+ 8049 8077546 - - - 8050 - 
t+ 8050 8078546 - - - 8051 - 
t+ 8051 8079546 - - - 8052 - 
qs 8052 8080216 0x3ffbd2a0 0x3ffbd6cc 0 - trace_lg
qs 8052 8080224 0x3ffbd2a0 0x3ffb68d4 0 - trace_lg
t+ 8052 8080546 - - - 8053 - 
t+ 8053 8081546 - - - 8054 - 
t+ 8054 8082546 - - - 8055 - 
qs 8055 8082907 0x3ffbd2a0 0x3ffbd6cc 0 - trace_lg
qs 8055 8082915 0x3ffbd2a0 0x3ffb68d4 0 - trace_lg
t+ 8055 8083546 - - - 8056 - 
t+ 8056 8084546 - - - 8057 - 
t+ 8057 8085546 - - - 8058 - 
qs 8058 8085598 0x3ffbd2a0 0x3ffbd6cc 0 - trace_lg
qs 8058 8085606 0x3ffbd2a0 0x3ffb68d4 0 - trace_lg
t+ 8058 8086546 - - - 8059 - 
t+ 8059 8087546 - - - 8060 - 
t+ 8060 8088546 - - - 8061 - 
t+ 8061 8089546 - - - 8062 - 
qs 8062 8090112 0x3ffbd2a0 0x3ffbd6cc 0 - trace_lg
qs 8062 8090120 0x3ffbd2a0 0x3ffb68d4 0 - trace_lg
t+ 8062 8090546 - - - 8063 - 
t+ 8063 8091546 - - - 8064 - 
t+ 8064 8092546 - - - 8065 - 
t+ 8065 8093546 - - - 8066 - 
t+ 8066 8094546 - - - 8067 - 
qs 8067 8094626 0x3ffbd2a0 0x3ffbd6cc 0 - trace_lg
qs 8067 8094633 0x3ffbd2a0 0x3ffb68d4 0 - trace_lg
t+ 8067 8095546 - - - 8068 - 
t+ 8068 8096546 - - - 8069 - 
qs 8069 8097317 0x3ffbd2a0 0x3ffbd6cc 0 - trace_lg
qs 8069 8097324 0x3ffbd2a0 0x3ffb68d4 0 - trace_lg
t+ 8069 8097546 - - - 8070 - 
t+ 8070 8098546 - - - 8071 - 
t+ 8071 8099546 - - - 8072 - 
qs 8072 8100008 0x3ffbd2a0 0x3ffbd6cc 0 - trace_lg
qs 8072 8100015 0x3ffbd2a0 0x3ffb68d4 0 - trace_lg
t+ 8072 8100546 - - - 8073 - 
t+ 8073 8101546 - - - 8074 - 
t+ 8074 8102546 - - - 8075 - 
qs 8075 8102699 0x3ffbd2a0 0x3ffbd6cc 0 - trace_lg
qs 8075 8102706 0x3ffbd2a0 0x3ffb68d4 0 - trace_lg
t+ 8075 8103546 - - - 8076 - 
t+ 8076 8104546 - - - 8077 - 
qs 8077 8105390 0x3ffbd2a0 0x3ffbd6cc 0 - trace_lg
qs 8077 8105397 0x3ffbd2a0 0x3ffb68d4 0 - trace_lg
t+ 8077 8105546 - - - 8078 - 
t+ 8078 8106546 - - - 8079 - 
t+ 8079 8107546 - - - 8080 - 
qs 8080 8108081 0x3ffbd2a0 0x3ffbd6cc 0 - trace_lg
qs 8080 8108088 0x3ffbd2a0 0x3ffb68d4 0 - trace_lg
qs 8373 8401488 0x3ffbd2a0 0x3ffb68d4 0 - trace_lg
t+ 8373 8401546 - - - 8374 - 
t+ 8374 8402546 - - - 8375 - 
t+ 8375 8403546 - - - 8376 - 
t+ 8376 8404546 - - - 8377 - 
t+ 8377 8405546 - - - 8378 - 
qs 8378 8405994 0x3ffbd2a0 0x3ffbd6cc 0 - trace_lg
qs 8378 8406002 0x3ffbd2a0 0x3ffb68d4 0 - trace_lg
t+ 8378 8406546 - - - 8379 - 
t+ 8379 8407546 - - - 8380 - 
t+ 8380 8408546 - - - 8381 - 
qs 8381 8408685 0x3ffbd2a0 0x3ffbd6cc 0 - trace_lg
qs 8381 8408693 0x3ffbd2a0 0x3ffb68d4 0 - trace_lg
t+ 8381 8409546 - - - 8382 - 
t+ 8382 8410546 - - - 8383 - 
qs 8383 8411376 0x3ffbd2a0 0x3ffbd6cc 0 - trace_lg
qs 8383 8411384 0x3ffbd2a0 0x3ffb68d4 0 - trace_lg
t+ 8383 8411546 - - - 8384 - 
t+ 8384 8412546 - - - 8385 - 
t+ 8385 8413546 - - - 8386 - 
qs 8386 8414067 0x3ffbd2a0 0x3ffbd6cc 0 - trace_lg
qs 8386 8414075 0x3ffbd2a0 0x3ffb68d4 0 - trace_lg
t+ 8386 8414546 - - - 8387 - 
t+ 8387 8415546 - - - 8388 - 
t+ 8388 8416546 - - - 8389 - 
qs 8389 8416758 0x3ffbd2a0 0x3ffbd6cc 0 - trace_lg
qs 8389 8416765 0x3ffbd2a0 0x3ffb68d4 0 - trace_lg
t+ 8389 8417546 - - - 8390 - 
t+ 8390 8418546 - - - 8391 - 
qs 8391 8419449 0x3ffbd2a0 0x3ffbd6cc 0 - trace_lg
qs 8391 8419456 0x3ffbd2a0 0x3ffb68d4 0 - trace_lg
t+ 8391 8419546 - - - 8392 - 
t+ 8392 8420546 - - - 8393 - 
t+ 8393 8421546 - - - 8394 - 
t+ 8394 8422546 - - - 8395 - 
t+ 8395 8423546 - - - 8396 - 
qs 8396 8423963 0x3ffbd2a0 0x3ffbd6cc 0 - trace_lg
qs 8396 8423970 0x3ffbd2a0 0x3ffb68d4 0 - trace_lg
t+ 8396 8424546 - - - 8397 - 
t+ 8397 8425546 - - - 8398 - 
t+ 8398 8426546 - - - 8399 - 
t+ 8399 8427546 - - - 8400 - 
qs 8400 8428477 0x3ffbd2a0 0x3ffbd6cc 0 - trace_lg
qs 8400 8428484 0x3ffbd2a0 0x3ffb68d4 0 - trace_lg
t+ 8400 8428546 - - - 8401 - 
t+ 8401 8429546 - - - 8402 - 
t+ 8402 8430546 - - - 8403 - 
qs 8403 8431168 0x3ffbd2a0 0x3ffbd6cc 0 - trace_lg
qs 8403 8431175 0x3ffbd2a0 0x3ffb68d4 0 - trace_lg
t+ 8403 8431546 - - - 8404 - 
to 8404 8431551 0x3ffbd2a0 - - - trace_lg 
ti 8404 8431553 0x3ffbad08 - - - reciever 
qr 8404 8431557 0x3ffbad08 0x3ffbd72c 4294967295 - reciever
tsu 8404 8431560 0x3ffbad08 - - 8504 reciever 
to 8404 8431568 0x3ffbad08 - - - reciever 
ti 8404 8431571 0x3ffbd2a0 - - - trace_lg 
t+ 8404 8432546 - - - 8405 - 
t+ 8405 8433546 - - - 8406 - 
qs 8406 8433859 0x3ffbd2a0 0x3ffbd6cc 0 - trace_lg
qs 8406 8433866 0x3ffbd2a0 0x3ffb68d4 0 - trace_lg
t+ 8406 8434546 - - - 8407 - 
t+ 8407 8435546 - - - 8408 - 
t+ 8408 8436546 - - - 8409 - 
to 8409 8436552 0x3ffbd2a0 - - - trace_lg 
ti 8409 8436554 0x3ffbd13c - - - sender 3 
qs 8409 8436575 0x3ffbd13c 0x3ffbd72c 0 - sender 3
tsu 8409 8436579 0x3ffbd13c - - 8709 sender 3 
to 8409 8436587 0x3ffbd13c - - - sender 3 
ti 8409 8436589 0x3ffbcfd8 - - - sender 2 
qsf 8409 8436610 0x3ffbcfd8 0x3ffbd72c 0 - sender 2
tsu 8409 8436613 0x3ffbcfd8 - - 8609 sender 2 
to 8409 8436621 0x3ffbcfd8 - - - sender 2 
ti 8409 8436624 0x3ffbd2a0 - - - trace_lg 
qs 8409 8436628 0x3ffbd2a0 0x3ffbd6cc 0 - trace_lg
qs 8409 8436636 0x3ffbd2a0 0x3ffb68d4 0 - trace_lg
t+ 8409 8437546 - - - 8410 - 
t+ 8410 8438546 - - - 8411 - 
t+ 8411 8439546 - - - 8412 - 
t+ 8412 8440546 - - - 8413 - 
to 8413 8440550 0x3ffbd2a0 - - - trace_lg 
ti 8413 8440553 0x3ffbbe70 - - - sender 1 
qsf 8413 8440574 0x3ffbbe70 0x3ffbd72c 0 - sender 1
tsu 8413 8440577 0x3ffbbe70 - - 8513 sender 1 
to 8413 8440585 0x3ffbbe70 - - - sender 1 
ti 8413 8440587 0x3ffbd2a0 - - - trace_lg 
qs 8413 8441064 0x3ffbd2a0 0x3ffbd6cc 0 - trace_lg
qs 8413 8441071 0x3ffbd2a0 0x3ffb68d4 0 - trace_lg
t+ 8413 8441546 - - - 8414 - 
t+ 8414 8442546 - - - 8415 - 
t+ 8415 8443546 - - - 8416 - 
t+ 8416 8444546 - - - 8417 - 
t+ 8417 8445546 - - - 8418 - 
qs 8418 8445577 0x3ffbd2a0 0x3ffbd6cc 0 - trace_lg
qs 8418 8445585 0x3ffbd2a0 0x3ffb68d4 0 - trace_lg
t+ 8418 8446546 - - - 8419 - 
t+ 8419 8447546 - - - 8420 - 
qs 8420 8448268 0x3ffbd2a0 0x3ffbd6cc 0 - trace_lg
qs 8420 8448276 0x3ffbd2a0 0x3ffb68d4 0 - trace_lg
t+ 8718 8746546 - - - 8719 - 
t+ 8719 8747546 - - - 8720 - 
qs 8720 8748005 0x3ffbd2a0 0x3ffbd6cc 0 - trace_lg
qs 8720 8748012 0x3ffbd2a0 0x3ffb68d4 0 - trace_lg
t+ 8720 8748546 - - - 8721 - 
t+ 8721 8749546 - - - 8722 - 
t+ 8722 8750546 - - - 8723 - 
qs 8723 8750696 0x3ffbd2a0 0x3ffbd6cc 0 - trace_lg
qs 8723 8750703 0x3ffbd2a0 0x3ffb68d4 0 - trace_lg
t+ 8723 8751546 - - - 8724 - 
t+ 8724 8752546 - - - 8725 - 
qs 8725 8753387 0x3ffbd2a0 0x3ffbd6cc 0 - trace_lg
qs 8725 8753394 0x3ffbd2a0 0x3ffb68d4 0 - trace_lg
t+ 8725 8753546 - - - 8726 - 
t+ 8726 8754546 - - - 8727 - 
t+ 8727 8755546 - - - 8728 - 
t+ 8728 8756546 - - - 8729 - 
t+ 8729 8757546 - - - 8730 - 
qs 8730 8757901 0x3ffbd2a0 0x3ffbd6cc 0 - trace_lg
qs 8730 8757908 0x3ffbd2a0 0x3ffb68d4 0 - trace_lg
t+ 8730 8758546 - - - 8731 - 
t+ 8731 8759546 - - - 8732 - 
t+ 8732 8760546 - - - 8733 - 
t+ 8733 8761546 - - - 8734 - 
qs 8734 8762415 0x3ffbd2a0 0x3ffbd6cc 0 - trace_lg
qs 8734 8762422 0x3ffbd2a0 0x3ffb68d4 0 - trace_lg
t+ 8734 8762546 - - - 8735 - 
t+ 8735 8763546 - - - 8736 - 
t+ 8736 8764546 - - - 8737 - 
qs 8737 8765105 0x3ffbd2a0 0x3ffbd6cc 0 - trace_lg
qs 8737 8765113 0x3ffbd2a0 0x3ffb68d4 0 - trace_lg
t+ 8737 8765546 - - - 8738 - 
t+ 8738 8766546 - - - 8739 - 
t+ 8739 8767546 - - - 8740 - 
qs 8740 8767796 0x3ffbd2a0 0x3ffbd6cc 0 - trace_lg
qs 8740 8767804 0x3ffbd2a0 0x3ffb68d4 0 - trace_lg
t+ 8740 8768546 - - - 8741 - 
t+ 8741 8769546 - - - 8742 - 
qs 8742 8770487 0x3ffbd2a0 0x3ffbd6cc 0 - trace_lg
qs 8742 8770495 0x3ffbd2a0 0x3ffb68d4 0 - trace_lg
t+ 8742 8770546 - - - 8743 - 
t+ 8743 8771546 - - - 8744 - 
t+ 8744 8772546 - - - 8745 - 
t+ 8745 8773546 - - - 8746 - 
t+ 8746 8774546 - - - 8747 - 
qs 8747 8775001 0x3ffbd2a0 0x3ffbd6cc 0 - trace_lg
qs 8747 8775008 0x3ffbd2a0 0x3ffb68d4 0 - trace_lg
t+ 8747 8775546 - - - 8748 - 
t+ 8748 8776546 - - - 8749 - 
t+ 8749 8777546 - - - 8750 - 
t+ 8750 8778546 - - - 8751 - 
qs 8751 8779515 0x3ffbd2a0 0x3ffbd6cc 0 - trace_lg
qs 8751 8779522 0x3ffbd2a0 0x3ffb68d4 0 - trace_lg
t+ 8751 8779546 - - - 8752 - 
t+ 8752 8780546 - - - 8753 - 
t+ 8753 8781546 - - - 8754 - 
qs 8754 8782206 0x3ffbd2a0 0x3ffbd6cc 0 - trace_lg
qs 8754 8782213 0x3ffbd2a0 0x3ffb68d4 0 - trace_lg
t+ 8754 8782546 - - - 8755 - 
t+ 8755 8783546 - - - 8756 - 
t+ 8756 8784546 - - - 8757 - 
qs 8757 8784897 0x3ffbd2a0 0x3ffbd6cc 0 - trace_lg
qs 8757 8784904 0x3ffbd2a0 0x3ffb68d4 0 - trace_lg
t+ 8757 8785546 - - - 8758 - 
t+ 8758 8786546 - - - 8759 - 
t+ 8759 8787546 - - - 8760 - 
t+ 8760 8788546 - - - 8761 - 
qs 8761 8789411 0x3ffbd2a0 0x3ffbd6cc 0 - trace_lg
qs 8761 8789418 0x3ffbd2a0 0x3ffb68d4 0 - trace_lg
t+ 8761 8789546 - - - 8762 - 
t+ 8762 8790546 - - - 8763 - 
t+ 8763 8791546 - - - 8764 - 
t+ 8764 8792546 - - - 8765 - 
t+ 8765 8793546 - - - 8766 - 
qs 8766 8793924 0x3ffbd2a0 0x3ffbd6cc 0 - trace_lg
qs 8766 8793932 0x3ffbd2a0 0x3ffb68d4 0 - trace_lg
t+ 8766 8794546 - - - 8767 - 
t+ 8767 8795546 - - - 8768 - 
t+ 8768 8796546 - - - 8769 - 
qs 8769 8796616 0x3ffbd2a0 0x3ffbd6cc 0 - trace_lg
qs 8769 8796623 0x3ffbd2a0 0x3ffb68d4 0 - trace_lg
t+ 8769 8797546 - - - 8770 - 
t+ 8770 8798546 - - - 8771 - 
qs 8771 8799306 0x3ffbd2a0 0x3ffbd6cc 0 - trace_lg
qs 8771 8799314 0x3ffbd2a0 0x3ffb68d4 0 - trace_lg
t+ 8771 8799546 - - - 8772 - 
t+ 8772 8800546 - - - 8773 - 
t+ 8773 8801546 - - - 8774 - 
qs 8774 8801997 0x3ffbd2a0 0x3ffbd6cc 0 - trace_lg
qs 8774 8802005 0x3ffbd2a0 0x3ffb68d4 0 - trace_lg
t+ 8774 8802546 - - - 8775 - 
t+ 8775 8803546 - - - 8776 - 
t+ 8776 8804546 - - - 8777 - 
qs 8777 8804688 0x3ffbd2a0 0x3ffbd6cc 0 - trace_lg
qs 8777 8804696 0x3ffbd2a0 0x3ffb68d4 0 - trace_lg
t+ 8777 8805546 - - - 8778 - 
t+ 8778 8806546 - - - 8779 - 
qs 8779 8807379 0x3ffbd2a0 0x3ffbd6cc 0 - trace_lg
qs 8779 8807387 0x3ffbd2a0 0x3ffb68d4 0 - trace_lg
t+ 8779 8807546 - - - 8780 - 
t+ 8780 8808546 - - - 8781 - 
t+ 8781 8809546 - - - 8782 - 
t+ 8782 8810546 - - - 8783 - 
t+ 8783 8811546 - - - 8784 - 
qs 8784 8811893 0x3ffbd2a0 0x3ffbd6cc 0 - trace_lg
t+ 9073 9101546 - - - 9074 - 
qs 9074 9101647 0x3ffbd2a0 0x3ffbd6cc 0 - trace_lg
qs 9074 9101655 0x3ffbd2a0 0x3ffb68d4 0 - trace_lg
t+ 9074 9102546 - - - 9075 - 
t+ 9075 9103546 - - - 9076 - 
qs 9076 9104338 0x3ffbd2a0 0x3ffbd6cc 0 - trace_lg
qs 9076 9104345 0x3ffbd2a0 0x3ffb68d4 0 - trace_lg
t+ 9076 9104546 - - - 9077 - 
t+ 9077 9105546 - - - 9078 - 
t+ 9078 9106546 - - - 9079 - 
t+ 9079 9107546 - - - 9080 - 
t+ 9080 9108546 - - - 9081 - 
qs 9081 9108852 0x3ffbd2a0 0x3ffbd6cc 0 - trace_lg
qs 9081 9108859 0x3ffbd2a0 0x3ffb68d4 0 - trace_lg
t+ 9081 9109546 - - - 9082 - 
t+ 9082 9110546 - - - 9083 - 
t+ 9083 9111546 - - - 9084 - 
t+ 9084 9112546 - - - 9085 - 
qs 9085 9113366 0x3ffbd2a0 0x3ffbd6cc 0 - trace_lg
qs 9085 9113373 0x3ffbd2a0 0x3ffb68d4 0 - trace_lg
t+ 9085 9113546 - - - 9086 - 
t+ 9086 9114546 - - - 9087 - 
t+ 9087 9115546 - - - 9088 - 
qs 9088 9116057 0x3ffbd2a0 0x3ffbd6cc 0 - trace_lg
qs 9088 9116064 0x3ffbd2a0 0x3ffb68d4 0 - trace_lg
t+ 9088 9116546 - - - 9089 - 
t+ 9089 9117546 - - - 9090 - 
t+ 9090 9118546 - - - 9091 - 
qs 9091 9118748 0x3ffbd2a0 0x3ffbd6cc 0 - trace_lg
qs 9091 9118755 0x3ffbd2a0 0x3ffb68d4 0 - trace_lg
t+ 9091 9119546 - - - 9092 - 
t+ 9092 9120546 - - - 9093 - 
t+ 9093 9121546 - - - 9094 - 
t+ 9094 9122546 - - - 9095 - 
qs 9095 9123262 0x3ffbd2a0 0x3ffbd6cc 0 - trace_lg
qs 9095 9123269 0x3ffbd2a0 0x3ffb68d4 0 - trace_lg
t+ 9095 9123546 - - - 9096 - 
t+ 9096 9124546 - - - 9097 - 
t+ 9097 9125546 - - - 9098 - 
t+ 9098 9126546 - - - 9099 - 
t+ 9099 9127546 - - - 9100 - 
qs 9100 9127775 0x3ffbd2a0 0x3ffbd6cc 0 - trace_lg
qs 9100 9127783 0x3ffbd2a0 0x3ffb68d4 0 - trace_lg
t+ 9100 9128546 - - - 9101 - 
t+ 9101 9129546 - - - 9102 - 
qs 9102 9130466 0x3ffbd2a0 0x3ffbd6cc 0 - trace_lg
qs 9102 9130474 0x3ffbd2a0 0x3ffb68d4 0 - trace_lg
t+ 9102 9130546 - - - 9103 - 
t+ 9103 9131546 - - - 9104 - 
to 9104 9131550 0x3ffbd2a0 - - - trace_lg 
ti 9104 9131553 0x3ffbad08 - - - reciever 
qr 9104 9131557 0x3ffbad08 0x3ffbd72c 4294967295 - reciever
tsu 9104 9131560 0x3ffbad08 - - 9204 reciever 
to 9104 9131568 0x3ffbad08 - - - reciever 
ti 9104 9131571 0x3ffbd2a0 - - - trace_lg 
t+ 9104 9132546 - - - 9105 - 
qs 9105 9133157 0x3ffbd2a0 0x3ffbd6cc 0 - trace_lg
qs 9105 9133165 0x3ffbd2a0 0x3ffb68d4 0 - trace_lg
t+ 9105 9133546 - - - 9106 - 
t+ 9106 9134546 - - - 9107 - 
t+ 9107 9135546 - - - 9108 - 
qs 9108 9135848 0x3ffbd2a0 0x3ffbd6cc 0 - trace_lg
qs 9108 9135855 0x3ffbd2a0 0x3ffb68d4 0 - trace_lg
t+ 9108 9136546 - - - 9109 - 
t+ 9109 9137546 - - - 9110 - 
qs 9110 9138539 0x3ffbd2a0 0x3ffbd6cc 0 - trace_lg
t+ 9110 9138546 - - - 9111 - 
qs 9111 9138552 0x3ffbd2a0 0x3ffb68d4 0 - trace_lg
t+ 9111 9139546 - - - 9112 - 
t+ 9112 9140546 - - - 9113 - 
to 9113 9140550 0x3ffbd2a0 - - - trace_lg 
ti 9113 9140553 0x3ffbbe70 - - - sender 1 
qs 9113 9140574 0x3ffbbe70 0x3ffbd72c 0 - sender 1
tsu 9113 9140577 0x3ffbbe70 - - 9213 sender 1 
to 9113 9140585 0x3ffbbe70 - - - sender 1 
ti 9113 9140588 0x3ffbd2a0 - - - trace_lg 
qs 9113 9141230 0x3ffbd2a0 0x3ffbd6cc 0 - trace_lg
qs 9113 9141237 0x3ffbd2a0 0x3ffb68d4 0 - trace_lg
t+ 9113 9141546 - - - 9114 - 
t+ 9114 9142546 - - - 9115 - 
t+ 9115 9143546 - - - 9116 - 
t+ 9116 9144546 - - - 9117 - 
t+ 9117 9145546 - - - 9118 - 
qs 9118 9145744 0x3ffbd2a0 0x3ffbd6cc 0 - trace_lg
qs 9118 9145751 0x3ffbd2a0 0x3ffb68d4 0 - trace_lg
t+ 9118 9146546 - - - 9119 - 
t+ 9119 9147546 - - - 9120 - 
t+ 9120 9148546 - - - 9121 - 
t+ 9121 9149546 - - - 9122 - 
qs 9122 9150258 0x3ffbd2a0 0x3ffbd6cc 0 - trace_lg
qs 9122 9150265 0x3ffbd2a0 0x3ffb68d4 0 - trace_lg
t+ 9122 9150546 - - - 9123 - 
t+ 9123 9151546 - - - 9124 - 
t+ 9124 9152546 - - - 9125 - 
qs 9125 9152949 0x3ffbd2a0 0x3ffbd6cc 0 - trace_lg
qs 9125 9152956 0x3ffbd2a0 0x3ffb68d4 0 - trace_lg
t+ 9125 9153546 - - - 9126 - 
t+ 9126 9154546 - - - 9127 - 
t+ 9127 9155546 - - - 9128 - 
qs 9128 9155640 0x3ffbd2a0 0x3ffbd6cc 0 - trace_lg
qs 9419 9447303 0x3ffbd2a0 0x3ffbd6cc 0 - trace_lg
qs 9419 9447311 0x3ffbd2a0 0x3ffb68d4 0 - trace_lg
t+ 9419 9447546 - - - 9420 - 
t+ 9420 9448546 - - - 9421 - 
t+ 9421 9449546 - - - 9422 - 
t+ 9422 9450546 - - - 9423 - 
t+ 9423 9451546 - - - 9424 - 
qs 9424 9451817 0x3ffbd2a0 0x3ffbd6cc 0 - trace_lg
qs 9424 9451825 0x3ffbd2a0 0x3ffb68d4 0 - trace_lg
t+ 9424 9452546 - - - 9425 - 
t+ 9425 9453546 - - - 9426 - 
t+ 9426 9454546 - - - 9427 - 
t+ 9427 9455546 - - - 9428 - 
qs 9428 9456331 0x3ffbd2a0 0x3ffbd6cc 0 - trace_lg
qs 9428 9456338 0x3ffbd2a0 0x3ffb68d4 0 - trace_lg
t+ 9428 9456546 - - - 9429 - 
t+ 9429 9457546 - - - 9430 - 
t+ 9430 9458546 - - - 9431 - 
qs 9431 9459022 0x3ffbd2a0 0x3ffbd6cc 0 - trace_lg
qs 9431 9459029 0x3ffbd2a0 0x3ffb68d4 0 - trace_lg
t+ 9431 9459546 - - - 9432 - 
t+ 9432 9460546 - - - 9433 - 
t+ 9433 9461546 - - - 9434 - 
qs 9434 9461713 0x3ffbd2a0 0x3ffbd6cc 0 - trace_lg
qs 9434 9461720 0x3ffbd2a0 0x3ffb68d4 0 - trace_lg
t+ 9434 9462546 - - - 9435 - 
t+ 9435 9463546 - - - 9436 - 
qs 9436 9464404 0x3ffbd2a0 0x3ffbd6cc 0 - trace_lg
qs 9436 9464411 0x3ffbd2a0 0x3ffb68d4 0 - trace_lg
t+ 9436 9464546 - - - 9437 - 
t+ 9437 9465546 - - - 9438 - 
t+ 9438 9466546 - - - 9439 - 
qs 9439 9467095 0x3ffbd2a0 0x3ffbd6cc 0 - trace_lg
qs 9439 9467102 0x3ffbd2a0 0x3ffb68d4 0 - trace_lg
t+ 9439 9467546 - - - 9440 - 
t+ 9440 9468546 - - - 9441 - 
t+ 9441 9469546 - - - 9442 - 
qs 9442 9469786 0x3ffbd2a0 0x3ffbd6cc 0 - trace_lg
qs 9442 9469793 0x3ffbd2a0 0x3ffb68d4 0 - trace_lg
t+ 9442 9470546 - - - 9443 - 
t+ 9443 9471546 - - - 9444 - 
t+ 9444 9472546 - - - 9445 - 
t+ 9445 9473546 - - - 9446 - 
qs 9446 9474300 0x3ffbd2a0 0x3ffbd6cc 0 - trace_lg
qs 9446 9474307 0x3ffbd2a0 0x3ffb68d4 0 - trace_lg
t+ 9446 9474546 - - - 9447 - 
t+ 9447 9475546 - - - 9448 - 
t+ 9448 9476546 - - - 9449 - 
t+ 9449 9477546 - - - 9450 - 
t+ 9450 9478546 - - - 9451 - 
qs 9451 9478813 0x3ffbd2a0 0x3ffbd6cc 0 - trace_lg
qs 9451 9478821 0x3ffbd2a0 0x3ffb68d4 0 - trace_lg
t+ 9451 9479546 - - - 9452 - 
t+ 9452 9480546 - - - 9453 - 
qs 9453 9481504 0x3ffbd2a0 0x3ffbd6cc 0 - trace_lg
qs 9453 9481512 0x3ffbd2a0 0x3ffb68d4 0 - trace_lg
t+ 9453 9481546 - - - 9454 - 
t+ 9454 9482546 - - - 9455 - 
t+ 9455 9483546 - - - 9456 - 
qs 9456 9484195 0x3ffbd2a0 0x3ffbd6cc 0 - trace_lg
qs 9456 9484203 0x3ffbd2a0 0x3ffb68d4 0 - trace_lg
t+ 9456 9484546 - - - 9457 - 
t+ 9457 9485546 - - - 9458 - 
t+ 9458 9486546 - - - 9459 - 
qs 9459 9486886 0x3ffbd2a0 0x3ffbd6cc 0 - trace_lg
qs 9459 9486894 0x3ffbd2a0 0x3ffb68d4 0 - trace_lg
t+ 9459 9487546 - - - 9460 - 
t+ 9460 9488546 - - - 9461 - 
t+ 9461 9489546 - - - 9462 - 
qs 9462 9489577 0x3ffbd2a0 0x3ffbd6cc 0 - trace_lg
qs 9462 9489585 0x3ffbd2a0 0x3ffb68d4 0 - trace_lg
t+ 9462 9490546 - - - 9463 - 
t+ 9463 9491546 - - - 9464 - 
t+ 9464 9492546 - - - 9465 - 
t+ 9465 9493546 - - - 9466 - 
qs 9466 9494091 0x3ffbd2a0 0x3ffbd6cc 0 - trace_lg
qs 9466 9494098 0x3ffbd2a0 0x3ffb68d4 0 - trace_lg
t+ 9466 9494546 - - - 9467 - 
t+ 9467 9495546 - - - 9468 - 
t+ 9468 9496546 - - - 9469 - 
t+ 9469 9497546 - - - 9470 - 
t+ 9470 9498546 - - - 9471 - 
qs 9471 9498605 0x3ffbd2a0 0x3ffbd6cc 0 - trace_lg
qs 9471 9498612 0x3ffbd2a0 0x3ffb68d4 0 - trace_lg
t+ 9471 9499546 - - - 9472 - 
t+ 9472 9500546 - - - 9473 - 
qs 9473 9501296 0x3ffbd2a0 0x3ffbd6cc 0 - trace_lg
qs 9473 9501303 0x3ffbd2a0 0x3ffb68d4 0 - trace_lg
t+ 9473 9501546 - - - 9474 - 
t+ 9474 9502546 - - - 9475 - 
t+ 9475 9503546 - - - 9476 - 
qs 9476 9503987 0x3ffbd2a0 0x3ffbd6cc 0 - trace_lg
qs 9476 9503994 0x3ffbd2a0 0x3ffb68d4 0 - trace_lg
t+ 9476 9504546 - - - 9477 - 
t+ 9477 9505546 - - - 9478 - 
t+ 9478 9506546 - - - 9479 - 
qs 9479 9506678 0x3ffbd2a0 0x3ffbd6cc 0 - trace_lg
qs 9479 9506685 0x3ffbd2a0 0x3ffb68d4 0 - trace_lg
t+ 9479 9507546 - - - 9480 - 
t+ 9480 9508546 - - - 9481 - 
t+ 9481 9509546 - - - 9482 - 
t+ 9482 9510546 - - - 9483 - 
qs 9483 9511192 0x3ffbd2a0 0x3ffbd6cc 0 - trace_lg
==========================================

[0;32mI (10172) vPrinter: Log count: 4[0m

========== TRACE LOG (15909 entries) ==========
qs 10017 10044583 0x3ffbd2a0 0x3ffbd6cc 0 - trace_lg
qs 10017 10044636 0x3ffbd2a0 0x3ffbd6cc 0 - trace_lg
qs 10017 10044643 0x3ffbd2a0 0x3ffb68d4 0 - trace_lg
qs 10017 10044737 0x3ffbd2a0 0x3ffbd6cc 0 - trace_lg
qs 10017 10044744 0x3ffbd2a0 0x3ffb68d4 0 - trace_lg
t+ 10017 10045546 - - - 10018 - 
t+ 10018 10046546 - - - 10019 - 
qs 10019 10047231 0x3ffbd2a0 0x3ffbd6cc 0 - trace_lg
qs 10019 10047238 0x3ffbd2a0 0x3ffb68d4 0 - trace_lg
t+ 10019 10047546 - - - 10020 - 
t+ 10020 10048546 - - - 10021 - 
t+ 10021 10049546 - - - 10022 - 
t+ 10022 10050546 - - - 10023 - 
t+ 10023 10051546 - - - 10024 - 
qs 10024 10051918 0x3ffbd2a0 0x3ffbd6cc 0 - trace_lg
qs 10024 10051925 0x3ffbd2a0 0x3ffb68d4 0 - trace_lg
t+ 10024 10052546 - - - 10025 - 
t+ 10025 10053546 - - - 10026 - 
t+ 10026 10054546 - - - 10027 - 
t+ 10027 10055546 - - - 10028 - 
t+ 10028 10056546 - - - 10029 - 
qs 10029 10056606 0x3ffbd2a0 0x3ffbd6cc 0 - trace_lg
qs 10029 10056613 0x3ffbd2a0 0x3ffb68d4 0 - trace_lg
t+ 10029 10057546 - - - 10030 - 
t+ 10030 10058546 - - - 10031 - 
t+ 10031 10059546 - - - 10032 - 
t+ 10032 10060546 - - - 10033 - 
qs 10033 10061293 0x3ffbd2a0 0x3ffbd6cc 0 - trace_lg
qs 10033 10061300 0x3ffbd2a0 0x3ffb68d4 0 - trace_lg
t+ 10033 10061546 - - - 10034 - 
t+ 10034 10062546 - - - 10035 - 
t+ 10035 10063546 - - - 10036 - 
qs 10036 10064244 0x3ffbd2a0 0x3ffbd6cc 0 - trace_lg
qs 10036 10064252 0x3ffbd2a0 0x3ffb68d4 0 - trace_lg
t+ 10036 10064546 - - - 10037 - 
t+ 10037 10065546 - - - 10038 - 
t+ 10038 10066546 - - - 10039 - 
qs 10039 10067196 0x3ffbd2a0 0x3ffbd6cc 0 - trace_lg
qs 10039 10067203 0x3ffbd2a0 0x3ffb68d4 0 - trace_lg
t+ 10039 10067546 - - - 10040 - 
t+ 10040 10068546 - - - 10041 - 
t+ 10041 10069546 - - - 10042 - 
t+ 10042 10070546 - - - 10043 - 
t+ 10043 10071546 - - - 10044 - 
qs 10044 10071883 0x3ffbd2a0 0x3ffbd6cc 0 - trace_lg
qs 10044 10071890 0x3ffbd2a0 0x3ffb68d4 0 - trace_lg
t+ 10044 10072546 - - - 10045 - 
t+ 10045 10073546 - - - 10046 - 
t+ 10046 10074546 - - - 10047 - 
t+ 10047 10075546 - - - 10048 - 
t+ 10048 10076546 - - - 10049 - 
qs 10049 10076571 0x3ffbd2a0 0x3ffbd6cc 0 - trace_lg
qs 10049 10076578 0x3ffbd2a0 0x3ffb68d4 0 - trace_lg
t+ 10049 10077546 - - - 10050 - 
t+ 10050 10078546 - - - 10051 - 
qs 10051 10079522 0x3ffbd2a0 0x3ffbd6cc 0 - trace_lg
qs 10051 10079529 0x3ffbd2a0 0x3ffb68d4 0 - trace_lg
t+ 10051 10079546 - - - 10052 - 
t+ 10052 10080546 - - - 10053 - 
t+ 10053 10081546 - - - 10054 - 
qs 10054 10082473 0x3ffbd2a0 0x3ffbd6cc 0 - trace_lg
qs 10054 10082481 0x3ffbd2a0 0x3ffb68d4 0 - trace_lg
t+ 10054 10082546 - - - 10055 - 
t+ 10055 10083546 - - - 10056 - 
t+ 10056 10084546 - - - 10057 - 
qs 10057 10085425 0x3ffbd2a0 0x3ffbd6cc 0 - trace_lg
qs 10057 10085432 0x3ffbd2a0 0x3ffb68d4 0 - trace_lg
t+ 10057 10085546 - - - 10058 - 
t+ 10058 10086546 - - - 10059 - 
t+ 10059 10087546 - - - 10060 - 
qs 10060 10088376 0x3ffbd2a0 0x3ffbd6cc 0 - trace_lg
qs 10060 10088383 0x3ffbd2a0 0x3ffb68d4 0 - trace_lg
t+ 10060 10088546 - - - 10061 - 
t+ 10061 10089546 - - - 10062 - 
t+ 10062 10090546 - - - 10063 - 
qs 10063 10091327 0x3ffbd2a0 0x3ffbd6cc 0 - trace_lg
qs 10063 10091335 0x3ffbd2a0 0x3ffb68d4 0 - trace_lg
t+ 10063 10091546 - - - 10064 - 
t+ 10064 10092546 - - - 10065 - 
t+ 10065 10093546 - - - 10066 - 
t+ 10066 10094546 - - - 10067 - 
t+ 10067 10095546 - - - 10068 - 
qs 10068 10096015 0x3ffbd2a0 0x3ffbd6cc 0 - trace_lg
qs 10068 10096022 0x3ffbd2a0 0x3ffb68d4 0 - trace_lg
t+ 10068 10096546 - - - 10069 - 
t+ 10069 10097546 - - - 10070 - 
t+ 10070 10098546 - - - 10071 - 
t+ 10071 10099546 - - - 10072 - 
t+ 10072 10100546 - - - 10073 - 
qs 10073 10100702 0x3ffbd2a0 0x3ffbd6cc 0 - trace_lg
qs 10073 10100710 0x3ffbd2a0 0x3ffb68d4 0 - trace_lg
t+ 10073 10101546 - - - 10074 - 
t+ 10074 10102546 - - - 10075 - 
t+ 10075 10103546 - - - 10076 - 
qs 10076 10103654 0x3ffbd2a0 0x3ffbd6cc 0 - trace_lg
qs 10076 10103661 0x3ffbd2a0 0x3ffb68d4 0 - trace_lg
t+ 10076 10104546 - - - 10077 - 
t+ 10077 10105546 - - - 10078 - 
t+ 10078 10106546 - - - 10079 - 
qs 10079 10106605 0x3ffbd2a0 0x3ffbd6cc 0 - trace_lg
qs 10079 10106613 0x3ffbd2a0 0x3ffb68d4 0 - trace_lg
t+ 10079 10107546 - - - 10080 - 
qs 10379 10406610 0x3ffbd2a0 0x3ffb68d4 0 - trace_lg
t+ 10379 10407546 - - - 10380 - 
t+ 10380 10408546 - - - 10381 - 
t+ 10381 10409546 - - - 10382 - 
t+ 10382 10410546 - - - 10383 - 
qs 10383 10411289 0x3ffbd2a0 0x3ffbd6cc 0 - trace_lg
qs 10383 10411297 0x3ffbd2a0 0x3ffb68d4 0 - trace_lg
t+ 10383 10411546 - - - 10384 - 
t+ 10384 10412546 - - - 10385 - 
t+ 10385 10413546 - - - 10386 - 
qs 10386 10414241 0x3ffbd2a0 0x3ffbd6cc 0 - trace_lg
qs 10386 10414248 0x3ffbd2a0 0x3ffb68d4 0 - trace_lg
t+ 10386 10414546 - - - 10387 - 
t+ 10387 10415546 - - - 10388 - 
t+ 10388 10416546 - - - 10389 - 
qs 10389 10417192 0x3ffbd2a0 0x3ffbd6cc 0 - trace_lg
qs 10389 10417199 0x3ffbd2a0 0x3ffb68d4 0 - trace_lg
t+ 10389 10417546 - - - 10390 - 
t+ 10390 10418546 - - - 10391 - 
t+ 10391 10419546 - - - 10392 - 
qs 10392 10420144 0x3ffbd2a0 0x3ffbd6cc 0 - trace_lg
qs 10392 10420151 0x3ffbd2a0 0x3ffb68d4 0 - trace_lg
t+ 10392 10420546 - - - 10393 - 
t+ 10393 10421546 - - - 10394 - 
t+ 10394 10422546 - - - 10395 - 
qs 10395 10423095 0x3ffbd2a0 0x3ffbd6cc 0 - trace_lg
qs 10395 10423102 0x3ffbd2a0 0x3ffb68d4 0 - trace_lg
t+ 10395 10423546 - - - 10396 - 
t+ 10396 10424546 - - - 10397 - 
t+ 10397 10425546 - - - 10398 - 
t+ 10398 10426546 - - - 10399 - 
t+ 10399 10427546 - - - 10400 - 
qs 10400 10427782 0x3ffbd2a0 0x3ffbd6cc 0 - trace_lg
qs 10400 10427790 0x3ffbd2a0 0x3ffb68d4 0 - trace_lg
t+ 10400 10428546 - - - 10401 - 
t+ 10401 10429546 - - - 10402 - 
t+ 10402 10430546 - - - 10403 - 
t+ 10403 10431546 - - - 10404 - 
to 10404 10431550 0x3ffbd2a0 - - - trace_lg 
ti 10404 10431553 0x3ffbad08 - - - reciever 
qr 10404 10431557 0x3ffbad08 0x3ffbd72c 4294967295 - reciever
tsu 10404 10431560 0x3ffbad08 - - 10504 reciever 
to 10404 10431568 0x3ffbad08 - - - reciever 
ti 10404 10431571 0x3ffbd2a0 - - - trace_lg 
qs 10404 10432470 0x3ffbd2a0 0x3ffbd6cc 0 - trace_lg
qs 10404 10432477 0x3ffbd2a0 0x3ffb68d4 0 - trace_lg
t+ 10404 10432546 - - - 10405 - 
t+ 10405 10433546 - - - 10406 - 
t+ 10406 10434546 - - - 10407 - 
qs 10407 10435421 0x3ffbd2a0 0x3ffbd6cc 0 - trace_lg
qs 10407 10435429 0x3ffbd2a0 0x3ffb68d4 0 - trace_lg
t+ 10407 10435546 - - - 10408 - 
t+ 10408 10436546 - - - 10409 - 
to 10409 10436550 0x3ffbd2a0 - - - trace_lg 
ti 10409 10436553 0x3ffbcfd8 - - - sender 2 
qs 10409 10436574 0x3ffbcfd8 0x3ffbd72c 0 - sender 2
tsu 10409 10436577 0x3ffbcfd8 - - 10609 sender 2 
to 10409 10436585 0x3ffbcfd8 - - - sender 2 
ti 10409 10436588 0x3ffbd2a0 - - - trace_lg 
t+ 10409 10437546 - - - 10410 - 
qs 10410 10438372 0x3ffbd2a0 0x3ffbd6cc 0 - trace_lg
qs 10410 10438380 0x3ffbd2a0 0x3ffb68d4 0 - trace_lg
t+ 10410 10438546 - - - 10411 - 
t+ 10411 10439546 - - - 10412 - 
t+ 10412 10440546 - - - 10413 - 
to 10413 10440550 0x3ffbd2a0 - - - trace_lg 
ti 10413 10440553 0x3ffbbe70 - - - sender 1 
qsf 10413 10440574 0x3ffbbe70 0x3ffbd72c 0 - sender 1
tsu 10413 10440577 0x3ffbbe70 - - 10513 sender 1 
to 10413 10440585 0x3ffbbe70 - - - sender 1 
ti 10413 10440587 0x3ffbd2a0 - - - trace_lg 
qs 10413 10441324 0x3ffbd2a0 0x3ffbd6cc 0 - trace_lg
qs 10413 10441331 0x3ffbd2a0 0x3ffb68d4 0 - trace_lg
t+ 10413 10441546 - - - 10414 - 
t+ 10414 10442546 - - - 10415 - 
t+ 10415 10443546 - - - 10416 - 
t+ 10416 10444546 - - - 10417 - 
t+ 10417 10445546 - - - 10418 - 
qs 10418 10446011 0x3ffbd2a0 0x3ffbd6cc 0 - trace_lg
qs 10418 10446019 0x3ffbd2a0 0x3ffb68d4 0 - trace_lg
t+ 10418 10446546 - - - 10419 - 
t+ 10419 10447546 - - - 10420 - 
t+ 10420 10448546 - - - 10421 - 
t+ 10421 10449546 - - - 10422 - 
t+ 10422 10450546 - - - 10423 - 
qs 10423 10450699 0x3ffbd2a0 0x3ffbd6cc 0 - trace_lg
qs 10423 10450706 0x3ffbd2a0 0x3ffb68d4 0 - trace_lg
t+ 10423 10451546 - - - 10424 - 
t+ 10424 10452546 - - - 10425 - 
t+ 10425 10453546 - - - 10426 - 
qs 10426 10453650 0x3ffbd2a0 0x3ffbd6cc 0 - trace_lg
qs 10426 10453658 0x3ffbd2a0 0x3ffb68d4 0 - trace_lg
t+ 10426 10454546 - - - 10427 - 
t+ 10427 10455546 - - - 10428 - 
t+ 10428 10456546 - - - 10429 - 
qs 10429 10456602 0x3ffbd2a0 0x3ffbd6cc 0 - trace_lg
t+ 10730 10758546 - - - 10731 - 
t+ 10731 10759546 - - - 10732 - 
t+ 10732 10760546 - - - 10733 - 
t+ 10733 10761546 - - - 10734 - 
qs 10734 10761551 0x3ffbd2a0 0x3ffbd6cc 0 - trace_lg
qs 10734 10761559 0x3ffbd2a0 0x3ffb68d4 0 - trace_lg
t+ 10734 10762546 - - - 10735 - 
t+ 10735 10763546 - - - 10736 - 
qs 10736 10764498 0x3ffbd2a0 0x3ffbd6cc 0 - trace_lg
qs 10736 10764505 0x3ffbd2a0 0x3ffb68d4 0 - trace_lg
t+ 10736 10764546 - - - 10737 - 
t+ 10737 10765546 - - - 10738 - 
t+ 10738 10766546 - - - 10739 - 
qs 10739 10767449 0x3ffbd2a0 0x3ffbd6cc 0 - trace_lg
qs 10739 10767456 0x3ffbd2a0 0x3ffb68d4 0 - trace_lg
t+ 10739 10767546 - - - 10740 - 
t+ 10740 10768546 - - - 10741 - 
t+ 10741 10769546 - - - 10742 - 
qs 10742 10770401 0x3ffbd2a0 0x3ffbd6cc 0 - trace_lg
qs 10742 10770408 0x3ffbd2a0 0x3ffb68d4 0 - trace_lg
t+ 10742 10770546 - - - 10743 - 
t+ 10743 10771546 - - - 10744 - 
t+ 10744 10772546 - - - 10745 - 
qs 10745 10773352 0x3ffbd2a0 0x3ffbd6cc 0 - trace_lg
qs 10745 10773359 0x3ffbd2a0 0x3ffb68d4 0 - trace_lg
t+ 10745 10773546 - - - 10746 - 
t+ 10746 10774546 - - - 10747 - 
t+ 10747 10775546 - - - 10748 - 
t+ 10748 10776546 - - - 10749 - 
t+ 10749 10777546 - - - 10750 - 
qs 10750 10778039 0x3ffbd2a0 0x3ffbd6cc 0 - trace_lg
qs 10750 10778047 0x3ffbd2a0 0x3ffb68d4 0 - trace_lg
t+ 10750 10778546 - - - 10751 - 
t+ 10751 10779546 - - - 10752 - 
t+ 10752 10780546 - - - 10753 - 
t+ 10753 10781546 - - - 10754 - 
t+ 10754 10782546 - - - 10755 - 
qs 10755 10782727 0x3ffbd2a0 0x3ffbd6cc 0 - trace_lg
qs 10755 10782734 0x3ffbd2a0 0x3ffb68d4 0 - trace_lg
t+ 10755 10783546 - - - 10756 - 
t+ 10756 10784546 - - - 10757 - 
t+ 10757 10785546 - - - 10758 - 
qs 10758 10785678 0x3ffbd2a0 0x3ffbd6cc 0 - trace_lg
qs 10758 10785685 0x3ffbd2a0 0x3ffb68d4 0 - trace_lg
t+ 10758 10786546 - - - 10759 - 
t+ 10759 10787546 - - - 10760 - 
t+ 10760 10788546 - - - 10761 - 
qs 10761 10788629 0x3ffbd2a0 0x3ffbd6cc 0 - trace_lg
qs 10761 10788637 0x3ffbd2a0 0x3ffb68d4 0 - trace_lg
t+ 10761 10789546 - - - 10762 - 
t+ 10762 10790546 - - - 10763 - 
t+ 10763 10791546 - - - 10764 - 
t+ 10764 10792546 - - - 10765 - 
qs 10765 10793317 0x3ffbd2a0 0x3ffbd6cc 0 - trace_lg
qs 10765 10793324 0x3ffbd2a0 0x3ffb68d4 0 - trace_lg
t+ 10765 10793546 - - - 10766 - 
t+ 10766 10794546 - - - 10767 - 
t+ 10767 10795546 - - - 10768 - 
t+ 10768 10796546 - - - 10769 - 
t+ 10769 10797546 - - - 10770 - 
qs 10770 10798004 0x3ffbd2a0 0x3ffbd6cc 0 - trace_lg
qs 10770 10798012 0x3ffbd2a0 0x3ffb68d4 0 - trace_lg
t+ 10770 10798546 - - - 10771 - 
t+ 10771 10799546 - - - 10772 - 
t+ 10772 10800546 - - - 10773 - 
qs 10773 10800956 0x3ffbd2a0 0x3ffbd6cc 0 - trace_lg
qs 10773 10800963 0x3ffbd2a0 0x3ffb68d4 0 - trace_lg
t+ 10773 10801546 - - - 10774 - 
t+ 10774 10802546 - - - 10775 - 
t+ 10775 10803546 - - - 10776 - 
qs 10776 10803907 0x3ffbd2a0 0x3ffbd6cc 0 - trace_lg
qs 10776 10803914 0x3ffbd2a0 0x3ffb68d4 0 - trace_lg
t+ 10776 10804546 - - - 10777 - 
t+ 10777 10805546 - - - 10778 - 
t+ 10778 10806546 - - - 10779 - 
qs 10779 10806859 0x3ffbd2a0 0x3ffbd6cc 0 - trace_lg
qs 10779 10806866 0x3ffbd2a0 0x3ffb68d4 0 - trace_lg
t+ 10779 10807546 - - - 10780 - 
t+ 10780 10808546 - - - 10781 - 
t+ 10781 10809546 - - - 10782 - 
t+ 10782 10810546 - - - 10783 - 
t+ 10783 10811546 - - - 10784 - 
qs 10784 10811551 0x3ffbd2a0 0x3ffbd6cc 0 - trace_lg
qs 10784 10811559 0x3ffbd2a0 0x3ffb68d4 0 - trace_lg
t+ 10784 10812546 - - - 10785 - 
t+ 10785 10813546 - - - 10786 - 
t+ 10786 10814546 - - - 10787 - 
t+ 10787 10815546 - - - 10788 - 
qs 10788 10816233 0x3ffbd2a0 0x3ffbd6cc 0 - trace_lg
qs 10788 10816241 0x3ffbd2a0 0x3ffb68d4 0 - trace_lg
t+ 10788 10816546 - - - 10789 - 
t+ 10789 10817546 - - - 10790 - 
t+ 10790 10818546 - - - 10791 - 
qs 10791 10819185 0x3ffbd2a0 0x3ffbd6cc 0 - trace_lg
qs 10791 10819192 0x3ffbd2a0 0x3ffb68d4 0 - trace_lg
t+ 10791 10819546 - - - 10792 - 
t+ 10792 10820546 - - - 10793 - 
t+ 10793 10821546 - - - 10794 - 
qs 10794 10822136 0x3ffbd2a0 0x3ffbd6cc 0 - trace_lg
qs 10794 10822143 0x3ffbd2a0 0x3ffb68d4 0 - trace_lg
t+ 11090 11118546 - - - 11091 - 
qs 11091 11119182 0x3ffbd2a0 0x3ffbd6cc 0 - trace_lg
qs 11091 11119189 0x3ffbd2a0 0x3ffb68d4 0 - trace_lg
t+ 11091 11119546 - - - 11092 - 
t+ 11092 11120546 - - - 11093 - 
t+ 11093 11121546 - - - 11094 - 
qs 11094 11122133 0x3ffbd2a0 0x3ffbd6cc 0 - trace_lg
qs 11094 11122140 0x3ffbd2a0 0x3ffb68d4 0 - trace_lg
t+ 11094 11122546 - - - 11095 - 
t+ 11095 11123546 - - - 11096 - 
t+ 11096 11124546 - - - 11097 - 
t+ 11097 11125546 - - - 11098 - 
t+ 11098 11126546 - - - 11099 - 
qs 11099 11126820 0x3ffbd2a0 0x3ffbd6cc 0 - trace_lg
qs 11099 11126828 0x3ffbd2a0 0x3ffb68d4 0 - trace_lg
t+ 11099 11127546 - - - 11100 - 
t+ 11100 11128546 - - - 11101 - 
t+ 11101 11129546 - - - 11102 - 
t+ 11102 11130546 - - - 11103 - 
qs 11103 11131508 0x3ffbd2a0 0x3ffbd6cc 0 - trace_lg
qs 11103 11131515 0x3ffbd2a0 0x3ffb68d4 0 - trace_lg
t+ 11103 11131546 - - - 11104 - 
to 11104 11131551 0x3ffbd2a0 - - - trace_lg 
ti 11104 11131553 0x3ffbad08 - - - reciever 
qr 11104 11131557 0x3ffbad08 0x3ffbd72c 4294967295 - reciever
tsu 11104 11131560 0x3ffbad08 - - 11204 reciever 
to 11104 11131568 0x3ffbad08 - - - reciever 
ti 11104 11131571 0x3ffbd2a0 - - - trace_lg 
t+ 11104 11132546 - - - 11105 - 
t+ 11105 11133546 - - - 11106 - 
qs 11106 11134459 0x3ffbd2a0 0x3ffbd6cc 0 - trace_lg
qs 11106 11134467 0x3ffbd2a0 0x3ffb68d4 0 - trace_lg
t+ 11106 11134546 - - - 11107 - 
t+ 11107 11135546 - - - 11108 - 
t+ 11108 11136546 - - - 11109 - 
to 11109 11136550 0x3ffbd2a0 - - - trace_lg 
ti 11109 11136553 0x3ffbd13c - - - sender 3 
qs 11109 11136574 0x3ffbd13c 0x3ffbd72c 0 - sender 3
tsu 11109 11136577 0x3ffbd13c - - 11409 sender 3 
to 11109 11136585 0x3ffbd13c - - - sender 3 
ti 11109 11136588 0x3ffbd2a0 - - - trace_lg 
qs 11109 11137411 0x3ffbd2a0 0x3ffbd6cc 0 - trace_lg
qs 11109 11137418 0x3ffbd2a0 0x3ffb68d4 0 - trace_lg
t+ 11109 11137546 - - - 11110 - 
t+ 11110 11138546 - - - 11111 - 
t+ 11111 11139546 - - - 11112 - 
qs 11112 11140362 0x3ffbd2a0 0x3ffbd6cc 0 - trace_lg
qs 11112 11140369 0x3ffbd2a0 0x3ffb68d4 0 - trace_lg
t+ 11112 11140546 - - - 11113 - 
to 11113 11140551 0x3ffbd2a0 - - - trace_lg 
ti 11113 11140553 0x3ffbbe70 - - - sender 1 
qsf 11113 11140574 0x3ffbbe70 0x3ffbd72c 0 - sender 1
tsu 11113 11140577 0x3ffbbe70 - - 11213 sender 1 
to 11113 11140585 0x3ffbbe70 - - - sender 1 
ti 11113 11140588 0x3ffbd2a0 - - - trace_lg 
t+ 11113 11141546 - - - 11114 - 
t+ 11114 11142546 - - - 11115 - 
t+ 11115 11143546 - - - 11116 - 
t+ 11116 11144546 - - - 11117 - 
qs 11117 11145049 0x3ffbd2a0 0x3ffbd6cc 0 - trace_lg
qs 11117 11145057 0x3ffbd2a0 0x3ffb68d4 0 - trace_lg
t+ 11117 11145546 - - - 11118 - 
t+ 11118 11146546 - - - 11119 - 
t+ 11119 11147546 - - - 11120 - 
t+ 11120 11148546 - - - 11121 - 
t+ 11121 11149546 - - - 11122 - 
qs 11122 11149737 0x3ffbd2a0 0x3ffbd6cc 0 - trace_lg
qs 11122 11149744 0x3ffbd2a0 0x3ffb68d4 0 - trace_lg
t+ 11122 11150546 - - - 11123 - 
t+ 11123 11151546 - - - 11124 - 
t+ 11124 11152546 - - - 11125 - 
qs 11125 11152688 0x3ffbd2a0 0x3ffbd6cc 0 - trace_lg
qs 11125 11152696 0x3ffbd2a0 0x3ffb68d4 0 - trace_lg
t+ 11125 11153546 - - - 11126 - 
t+ 11126 11154546 - - - 11127 - 
t+ 11127 11155546 - - - 11128 - 
qs 11128 11155640 0x3ffbd2a0 0x3ffbd6cc 0 - trace_lg
qs 11128 11155647 0x3ffbd2a0 0x3ffb68d4 0 - trace_lg
t+ 11128 11156546 - - - 11129 - 
t+ 11129 11157546 - - - 11130 - 
t+ 11130 11158546 - - - 11131 - 
qs 11131 11158591 0x3ffbd2a0 0x3ffbd6cc 0 - trace_lg
qs 11131 11158599 0x3ffbd2a0 0x3ffb68d4 0 - trace_lg
t+ 11131 11159546 - - - 11132 - 
t+ 11132 11160546 - - - 11133 - 
qs 11133 11161542 0x3ffbd2a0 0x3ffbd6cc 0 - trace_lg
t+ 11133 11161548 - - - 11134 - 
qs 11134 11161556 0x3ffbd2a0 0x3ffb68d4 0 - trace_lg
t+ 11134 11162546 - - - 11135 - 
t+ 11135 11163546 - - - 11136 - 
qs 11136 11164494 0x3ffbd2a0 0x3ffbd6cc 0 - trace_lg
qs 11136 11164501 0x3ffbd2a0 0x3ffb68d4 0 - trace_lg
t+ 11136 11164546 - - - 11137 - 
t+ 11137 11165546 - - - 11138 - 
t+ 11438 11466546 - - - 11439 - 
t+ 11439 11467546 - - - 11440 - 
qs 11440 11468223 0x3ffbd2a0 0x3ffbd6cc 0 - trace_lg
qs 11440 11468231 0x3ffbd2a0 0x3ffb68d4 0 - trace_lg
t+ 11440 11468546 - - - 11441 - 
t+ 11441 11469546 - - - 11442 - 
t+ 11442 11470546 - - - 11443 - 
qs 11443 11471175 0x3ffbd2a0 0x3ffbd6cc 0 - trace_lg
qs 11443 11471182 0x3ffbd2a0 0x3ffb68d4 0 - trace_lg
t+ 11443 11471546 - - - 11444 - 
t+ 11444 11472546 - - - 11445 - 
t+ 11445 11473546 - - - 11446 - 
qs 11446 11474126 0x3ffbd2a0 0x3ffbd6cc 0 - trace_lg
qs 11446 11474133 0x3ffbd2a0 0x3ffb68d4 0 - trace_lg
t+ 11446 11474546 - - - 11447 - 
t+ 11447 11475546 - - - 11448 - 
t+ 11448 11476546 - - - 11449 - 
t+ 11449 11477546 - - - 11450 - 
t+ 11450 11478546 - - - 11451 - 
qs 11451 11478814 0x3ffbd2a0 0x3ffbd6cc 0 - trace_lg
qs 11451 11478821 0x3ffbd2a0 0x3ffb68d4 0 - trace_lg
t+ 11451 11479546 - - - 11452 - 
t+ 11452 11480546 - - - 11453 - 
t+ 11453 11481546 - - - 11454 - 
t+ 11454 11482546 - - - 11455 - 
qs 11455 11483501 0x3ffbd2a0 0x3ffbd6cc 0 - trace_lg
qs 11455 11483508 0x3ffbd2a0 0x3ffb68d4 0 - trace_lg
t+ 11455 11483546 - - - 11456 - 
t+ 11456 11484546 - - - 11457 - 
t+ 11457 11485546 - - - 11458 - 
qs 11458 11486452 0x3ffbd2a0 0x3ffbd6cc 0 - trace_lg
qs 11458 11486460 0x3ffbd2a0 0x3ffb68d4 0 - trace_lg
t+ 11458 11486546 - - - 11459 - 
t+ 11459 11487546 - - - 11460 - 
t+ 11460 11488546 - - - 11461 - 
qs 11461 11489404 0x3ffbd2a0 0x3ffbd6cc 0 - trace_lg
qs 11461 11489411 0x3ffbd2a0 0x3ffb68d4 0 - trace_lg
t+ 11461 11489546 - - - 11462 - 
t+ 11462 11490546 - - - 11463 - 
t+ 11463 11491546 - - - 11464 - 
qs 11464 11492355 0x3ffbd2a0 0x3ffbd6cc 0 - trace_lg
qs 11464 11492362 0x3ffbd2a0 0x3ffb68d4 0 - trace_lg
t+ 11464 11492546 - - - 11465 - 
t+ 11465 11493546 - - - 11466 - 
t+ 11466 11494546 - - - 11467 - 
t+ 11467 11495546 - - - 11468 - 
t+ 11468 11496546 - - - 11469 - 
qs 11469 11497043 0x3ffbd2a0 0x3ffbd6cc 0 - trace_lg
qs 11469 11497050 0x3ffbd2a0 0x3ffb68d4 0 - trace_lg
t+ 11469 11497546 - - - 11470 - 
t+ 11470 11498546 - - - 11471 - 
t+ 11471 11499546 - - - 11472 - 
t+ 11472 11500546 - - - 11473 - 
t+ 11473 11501546 - - - 11474 - 
qs 11474 11501730 0x3ffbd2a0 0x3ffbd6cc 0 - trace_lg
qs 11474 11501737 0x3ffbd2a0 0x3ffb68d4 0 - trace_lg
t+ 11474 11502546 - - - 11475 - 
t+ 11475 11503546 - - - 11476 - 
t+ 11476 11504546 - - - 11477 - 
qs 11477 11504681 0x3ffbd2a0 0x3ffbd6cc 0 - trace_lg
qs 11477 11504689 0x3ffbd2a0 0x3ffb68d4 0 - trace_lg
t+ 11477 11505546 - - - 11478 - 
t+ 11478 11506546 - - - 11479 - 
t+ 11479 11507546 - - - 11480 - 
qs 11480 11507633 0x3ffbd2a0 0x3ffbd6cc 0 - trace_lg
qs 11480 11507640 0x3ffbd2a0 0x3ffb68d4 0 - trace_lg
t+ 11480 11508546 - - - 11481 - 
t+ 11481 11509546 - - - 11482 - 
t+ 11482 11510546 - - - 11483 - 
qs 11483 11510584 0x3ffbd2a0 0x3ffbd6cc 0 - trace_lg
qs 11483 11510592 0x3ffbd2a0 0x3ffb68d4 0 - trace_lg
t+ 11483 11511546 - - - 11484 - 
t+ 11484 11512546 - - - 11485 - 
t+ 11485 11513546 - - - 11486 - 
t+ 11486 11514546 - - - 11487 - 
qs 11487 11515271 0x3ffbd2a0 0x3ffbd6cc 0 - trace_lg
qs 11487 11515279 0x3ffbd2a0 0x3ffb68d4 0 - trace_lg
t+ 11487 11515546 - - - 11488 - 
t+ 11488 11516546 - - - 11489 - 
t+ 11489 11517546 - - - 11490 - 
t+ 11490 11518546 - - - 11491 - 
t+ 11491 11519546 - - - 11492 - 
qs 11492 11519959 0x3ffbd2a0 0x3ffbd6cc 0 - trace_lg
qs 11492 11519966 0x3ffbd2a0 0x3ffb68d4 0 - trace_lg
t+ 11492 11520546 - - - 11493 - 
t+ 11493 11521546 - - - 11494 - 
t+ 11494 11522546 - - - 11495 - 
qs 11495 11522910 0x3ffbd2a0 0x3ffbd6cc 0 - trace_lg
qs 11495 11522918 0x3ffbd2a0 0x3ffb68d4 0 - trace_lg
t+ 11495 11523546 - - - 11496 - 
t+ 11496 11524546 - - - 11497 - 
t+ 11497 11525546 - - - 11498 - 
qs 11498 11525862 0x3ffbd2a0 0x3ffbd6cc 0 - trace_lg
qs 11498 11525869 0x3ffbd2a0 0x3ffb68d4 0 - trace_lg
t+ 11498 11526546 - - - 11499 - 
t+ 11499 11527546 - - - 11500 - 
t+ 11500 11528546 - - - 11501 - 
qs 11501 11528813 0x3ffbd2a0 0x3ffbd6cc 0 - trace_lg
qs 11501 11528820 0x3ffbd2a0 0x3ffb68d4 0 - trace_lg
t+ 11501 11529546 - - - 11502 - 
t+ 11502 11530546 - - - 11503 - 
qs 11801 11828810 0x3ffbd2a0 0x3ffbd6cc 0 - trace_lg
qs 11801 11828817 0x3ffbd2a0 0x3ffb68d4 0 - trace_lg
t+ 11801 11829546 - - - 11802 - 
t+ 11802 11830546 - - - 11803 - 
t+ 11803 11831546 - - - 11804 - 
to 11804 11831550 0x3ffbd2a0 - - - trace_lg 
ti 11804 11831553 0x3ffbad08 - - - reciever 
qr 11804 11831557 0x3ffbad08 0x3ffbd72c 4294967295 - reciever
tsu 11804 11831560 0x3ffbad08 - - 11904 reciever 
to 11804 11831568 0x3ffbad08 - - - reciever 
ti 11804 11831571 0x3ffbd2a0 - - - trace_lg 
t+ 11804 11832546 - - - 11805 - 
qs 11805 11833497 0x3ffbd2a0 0x3ffbd6cc 0 - trace_lg
qs 11805 11833505 0x3ffbd2a0 0x3ffb68d4 0 - trace_lg
t+ 11805 11833546 - - - 11806 - 
t+ 11806 11834546 - - - 11807 - 
t+ 11807 11835546 - - - 11808 - 
t+ 11808 11836546 - - - 11809 - 
to 11809 11836550 0x3ffbd2a0 - - - trace_lg 
==========================================

[0;32mI (12277) vPrinter: Log count: 5[0m

========== TRACE LOG (19281 entries) ==========
qs 12017 12044583 0x3ffbd2a0 0x3ffbd6cc 0 - trace_lg
qs 12017 12044636 0x3ffbd2a0 0x3ffbd6cc 0 - trace_lg
qs 12017 12044643 0x3ffbd2a0 0x3ffb68d4 0 - trace_lg
qs 12017 12044737 0x3ffbd2a0 0x3ffbd6cc 0 - trace_lg
qs 12017 12044744 0x3ffbd2a0 0x3ffb68d4 0 - trace_lg
t+ 12017 12045546 - - - 12018 - 
t+ 12018 12046546 - - - 12019 - 
qs 12019 12047231 0x3ffbd2a0 0x3ffbd6cc 0 - trace_lg
qs 12019 12047238 0x3ffbd2a0 0x3ffb68d4 0 - trace_lg
t+ 12019 12047546 - - - 12020 - 
t+ 12020 12048546 - - - 12021 - 
t+ 12021 12049546 - - - 12022 - 
t+ 12022 12050546 - - - 12023 - 
t+ 12023 12051546 - - - 12024 - 
qs 12024 12051918 0x3ffbd2a0 0x3ffbd6cc 0 - trace_lg
qs 12024 12051925 0x3ffbd2a0 0x3ffb68d4 0 - trace_lg
t+ 12024 12052546 - - - 12025 - 
t+ 12025 12053546 - - - 12026 - 
t+ 12026 12054546 - - - 12027 - 
t+ 12027 12055546 - - - 12028 - 
t+ 12028 12056546 - - - 12029 - 
qs 12029 12056606 0x3ffbd2a0 0x3ffbd6cc 0 - trace_lg
qs 12029 12056613 0x3ffbd2a0 0x3ffb68d4 0 - trace_lg
t+ 12029 12057546 - - - 12030 - 
t+ 12030 12058546 - - - 12031 - 
t+ 12031 12059546 - - - 12032 - 
t+ 12032 12060546 - - - 12033 - 
qs 12033 12061293 0x3ffbd2a0 0x3ffbd6cc 0 - trace_lg
qs 12033 12061300 0x3ffbd2a0 0x3ffb68d4 0 - trace_lg
t+ 12033 12061546 - - - 12034 - 
t+ 12034 12062546 - - - 12035 - 
t+ 12035 12063546 - - - 12036 - 
qs 12036 12064244 0x3ffbd2a0 0x3ffbd6cc 0 - trace_lg
qs 12036 12064252 0x3ffbd2a0 0x3ffb68d4 0 - trace_lg
t+ 12036 12064546 - - - 12037 - 
t+ 12037 12065546 - - - 12038 - 
t+ 12038 12066546 - - - 12039 - 
qs 12039 12067196 0x3ffbd2a0 0x3ffbd6cc 0 - trace_lg
qs 12039 12067203 0x3ffbd2a0 0x3ffb68d4 0 - trace_lg
t+ 12039 12067546 - - - 12040 - 
t+ 12040 12068546 - - - 12041 - 
t+ 12041 12069546 - - - 12042 - 
t+ 12042 12070546 - - - 12043 - 
t+ 12043 12071546 - - - 12044 - 
qs 12044 12071883 0x3ffbd2a0 0x3ffbd6cc 0 - trace_lg
qs 12044 12071890 0x3ffbd2a0 0x3ffb68d4 0 - trace_lg
t+ 12044 12072546 - - - 12045 - 
t+ 12045 12073546 - - - 12046 - 
t+ 12046 12074546 - - - 12047 - 
t+ 12047 12075546 - - - 12048 - 
t+ 12048 12076546 - - - 12049 - 
qs 12049 12076571 0x3ffbd2a0 0x3ffbd6cc 0 - trace_lg
qs 12049 12076578 0x3ffbd2a0 0x3ffb68d4 0 - trace_lg
t+ 12049 12077546 - - - 12050 - 
t+ 12050 12078546 - - - 12051 - 
qs 12051 12079522 0x3ffbd2a0 0x3ffbd6cc 0 - trace_lg
qs 12051 12079529 0x3ffbd2a0 0x3ffb68d4 0 - trace_lg
t+ 12051 12079546 - - - 12052 - 
t+ 12052 12080546 - - - 12053 - 
t+ 12053 12081546 - - - 12054 - 
qs 12054 12082473 0x3ffbd2a0 0x3ffbd6cc 0 - trace_lg
qs 12054 12082481 0x3ffbd2a0 0x3ffb68d4 0 - trace_lg
t+ 12054 12082546 - - - 12055 - 
t+ 12055 12083546 - - - 12056 - 
t+ 12056 12084546 - - - 12057 - 
qs 12057 12085425 0x3ffbd2a0 0x3ffbd6cc 0 - trace_lg
qs 12057 12085432 0x3ffbd2a0 0x3ffb68d4 0 - trace_lg
t+ 12057 12085546 - - - 12058 - 
t+ 12058 12086546 - - - 12059 - 
t+ 12059 12087546 - - - 12060 - 
qs 12060 12088376 0x3ffbd2a0 0x3ffbd6cc 0 - trace_lg
qs 12060 12088383 0x3ffbd2a0 0x3ffb68d4 0 - trace_lg
t+ 12060 12088546 - - - 12061 - 
t+ 12061 12089546 - - - 12062 - 
t+ 12062 12090546 - - - 12063 - 
qs 12063 12091327 0x3ffbd2a0 0x3ffbd6cc 0 - trace_lg
qs 12063 12091335 0x3ffbd2a0 0x3ffb68d4 0 - trace_lg
t+ 12063 12091546 - - - 12064 - 
t+ 12064 12092546 - - - 12065 - 
t+ 12065 12093546 - - - 12066 - 
t+ 12066 12094546 - - - 12067 - 
t+ 12067 12095546 - - - 12068 - 
qs 12068 12096015 0x3ffbd2a0 0x3ffbd6cc 0 - trace_lg
qs 12068 12096022 0x3ffbd2a0 0x3ffb68d4 0 - trace_lg
t+ 12068 12096546 - - - 12069 - 
t+ 12069 12097546 - - - 12070 - 
t+ 12070 12098546 - - - 12071 - 
t+ 12071 12099546 - - - 12072 - 
t+ 12072 12100546 - - - 12073 - 
qs 12073 12100702 0x3ffbd2a0 0x3ffbd6cc 0 - trace_lg
qs 12073 12100710 0x3ffbd2a0 0x3ffb68d4 0 - trace_lg
t+ 12073 12101546 - - - 12074 - 
t+ 12074 12102546 - - - 12075 - 
t+ 12075 12103546 - - - 12076 - 
qs 12076 12103654 0x3ffbd2a0 0x3ffbd6cc 0 - trace_lg
qs 12076 12103661 0x3ffbd2a0 0x3ffb68d4 0 - trace_lg
t+ 12076 12104546 - - - 12077 - 
t+ 12077 12105546 - - - 12078 - 
t+ 12078 12106546 - - - 12079 - 
qs 12079 12106605 0x3ffbd2a0 0x3ffbd6cc 0 - trace_lg
qs 12079 12106613 0x3ffbd2a0 0x3ffb68d4 0 - trace_lg
t+ 12079 12107546 - - - 12080 - 
t+ 12378 12406546 - - - 12379 - 
qs 12379 12406602 0x3ffbd2a0 0x3ffbd6cc 0 - trace_lg
qs 12379 12406610 0x3ffbd2a0 0x3ffb68d4 0 - trace_lg
t+ 12379 12407546 - - - 12380 - 
t+ 12380 12408546 - - - 12381 - 
t+ 12381 12409546 - - - 12382 - 
qs 12382 12409554 0x3ffbd2a0 0x3ffbd6cc 0 - trace_lg
qs 12382 12409561 0x3ffbd2a0 0x3ffb68d4 0 - trace_lg
t+ 12382 12410546 - - - 12383 - 
t+ 12383 12411546 - - - 12384 - 
t+ 12384 12412546 - - - 12385 - 
t+ 12385 12413546 - - - 12386 - 
qs 12386 12414241 0x3ffbd2a0 0x3ffbd6cc 0 - trace_lg
qs 12386 12414248 0x3ffbd2a0 0x3ffb68d4 0 - trace_lg
t+ 12386 12414546 - - - 12387 - 
t+ 12387 12415546 - - - 12388 - 
t+ 12388 12416546 - - - 12389 - 
t+ 12389 12417546 - - - 12390 - 
t+ 12390 12418546 - - - 12391 - 
qs 12391 12418928 0x3ffbd2a0 0x3ffbd6cc 0 - trace_lg
qs 12391 12418936 0x3ffbd2a0 0x3ffb68d4 0 - trace_lg
t+ 12391 12419546 - - - 12392 - 
t+ 12392 12420546 - - - 12393 - 
